0 verbose cli /data/data/com.termux/files/usr/bin/node /data/data/com.termux/files/usr/bin/npm
1 info using npm@11.19.0
2 info using node@v26.4.0
3 silly config load:file:/data/data/com.termux/files/usr/lib/node_modules/npm/npmrc
4 silly config load:file:/data/data/com.termux/files/home/vicious-vix-assistant/Vicious-vix-assistant--main/.npmrc
5 silly config load:file:/data/data/com.termux/files/home/.npmrc
6 silly config load:file:/data/data/com.termux/files/usr/etc/npmrc
7 verbose title npm install
8 verbose argv "install"
9 verbose logfile logs-max:10 dir:/data/data/com.termux/files/home/.npm/_logs/2026-08-20T03_18_16_341Z-
10 verbose logfile /data/data/com.termux/files/home/.npm/_logs/2026-08-20T03_18_16_341Z-debug-0.log
11 silly logfile start cleaning logs, removing 1 files
12 silly logfile done cleaning log files
13 silly packumentCache heap:1174405120 maxSize:293601280 maxEntrySize:146800640
14 silly idealTree buildDeps
15 verbose shrinkwrap failed to load node_modules/.package-lock.json out of date, updated: node_modules/next
16 silly reify moves {}
17 silly audit bulk request {
17 silly audit   '@alloc/quick-lru': [ '5.2.0' ],
17 silly audit   '@asteasolutions/zod-to-openapi': [ '7.3.4' ],
17 silly audit   '@babel/runtime': [ '7.28.4' ],
17 silly audit   '@capacitor/android': [ '8.4.2' ],
17 silly audit   '@capacitor/cli': [ '8.5.0' ],
17 silly audit   'balanced-match': [ '4.0.4', '1.0.2' ],
17 silly audit   'brace-expansion': [ '5.0.8', '2.0.1', '1.1.11' ],
17 silly audit   commander: [ '12.1.0', '11.1.0', '4.1.1' ],
17 silly audit   debug: [ '4.4.3', '2.6.9', '4.4.0' ],
17 silly audit   'fs-extra': [ '11.4.0', '9.1.0' ],
17 silly audit   glob: [ '13.0.6', '10.4.5', '7.2.3' ],
17 silly audit   'is-wsl': [ '2.2.0', '1.1.0' ],
17 silly audit   'lru-cache': [ '11.5.2', '10.4.3', '6.0.0' ],
17 silly audit   minimatch: [ '10.2.6', '9.0.5', '3.1.2' ],
17 silly audit   ms: [ '2.1.3', '2.0.0' ],
17 silly audit   open: [ '8.4.2', '6.4.0', '7.4.2' ],
17 silly audit   'path-scurry': [ '2.0.2', '1.11.1' ],
17 silly audit   rimraf: [ '6.1.3', '5.0.10', '2.7.1' ],
17 silly audit   '@capacitor/core': [ '8.5.0' ],
17 silly audit   '@cfworker/json-schema': [ '4.1.1' ],
17 silly audit   '@colors/colors': [ '1.6.0' ],
17 silly audit   '@dabh/diagnostics': [ '2.0.8' ],
17 silly audit   '@date-fns/tz': [ '1.4.1' ],
17 silly audit   '@emnapi/runtime': [ '1.7.1' ],
17 silly audit   '@esbuild/aix-ppc64': [ '0.27.2' ],
17 silly audit   '@esbuild/android-arm': [ '0.27.2' ],
17 silly audit   '@esbuild/android-arm64': [ '0.27.2' ],
17 silly audit   '@esbuild/android-x64': [ '0.27.2' ],
17 silly audit   '@esbuild/darwin-arm64': [ '0.27.2' ],
17 silly audit   '@esbuild/darwin-x64': [ '0.27.2' ],
17 silly audit   '@esbuild/freebsd-arm64': [ '0.27.2' ],
17 silly audit   '@esbuild/freebsd-x64': [ '0.27.2' ],
17 silly audit   '@esbuild/linux-arm': [ '0.27.2' ],
17 silly audit   '@esbuild/linux-arm64': [ '0.27.2' ],
17 silly audit   '@esbuild/linux-ia32': [ '0.27.2' ],
17 silly audit   '@esbuild/linux-loong64': [ '0.27.2' ],
17 silly audit   '@esbuild/linux-mips64el': [ '0.27.2' ],
17 silly audit   '@esbuild/linux-ppc64': [ '0.27.2' ],
17 silly audit   '@esbuild/linux-riscv64': [ '0.27.2' ],
17 silly audit   '@esbuild/linux-s390x': [ '0.27.2' ],
17 silly audit   '@esbuild/linux-x64': [ '0.27.2' ],
17 silly audit   '@esbuild/netbsd-arm64': [ '0.27.2' ],
17 silly audit   '@esbuild/netbsd-x64': [ '0.27.2' ],
17 silly audit   '@esbuild/openbsd-arm64': [ '0.27.2' ],
17 silly audit   '@esbuild/openbsd-x64': [ '0.27.2' ],
17 silly audit   '@esbuild/openharmony-arm64': [ '0.27.2' ],
17 silly audit   '@esbuild/sunos-x64': [ '0.27.2' ],
17 silly audit   '@esbuild/win32-arm64': [ '0.27.2' ],
17 silly audit   '@esbuild/win32-ia32': [ '0.27.2' ],
17 silly audit   '@esbuild/win32-x64': [ '0.27.2' ],
17 silly audit   '@fastify/busboy': [ '3.2.0' ],
17 silly audit   '@firebase/ai': [ '1.4.0' ],
17 silly audit   '@firebase/analytics': [ '0.10.16' ],
17 silly audit   '@firebase/analytics-compat': [ '0.2.22' ],
17 silly audit   '@firebase/analytics-types': [ '0.8.3' ],
17 silly audit   '@firebase/app': [ '0.13.1' ],
17 silly audit   '@firebase/app-check': [ '0.10.0' ],
17 silly audit   '@firebase/app-check-compat': [ '0.3.25' ],
17 silly audit   '@firebase/app-check-interop-types': [ '0.3.3' ],
17 silly audit   '@firebase/app-check-types': [ '0.5.3' ],
17 silly audit   '@firebase/app-compat': [ '0.4.1' ],
17 silly audit   '@firebase/app-types': [ '0.9.3' ],
17 silly audit   '@firebase/auth-compat': [ '0.5.27' ],
17 silly audit   '@firebase/auth': [ '1.10.7' ],
17 silly audit   '@firebase/auth-interop-types': [ '0.2.4' ],
17 silly audit   '@firebase/auth-types': [ '0.13.0' ],
17 silly audit   '@firebase/component': [ '0.6.17' ],
17 silly audit   '@firebase/data-connect': [ '0.3.9' ],
17 silly audit   '@firebase/database': [ '1.0.19' ],
17 silly audit   '@firebase/database-compat': [ '2.0.10' ],
17 silly audit   '@firebase/database-types': [ '1.0.14' ],
17 silly audit   '@firebase/firestore': [ '4.7.17' ],
17 silly audit   '@firebase/firestore-compat': [ '0.3.52' ],
17 silly audit   '@firebase/firestore-types': [ '3.0.3' ],
17 silly audit   '@grpc/grpc-js': [ '1.9.15', '1.14.3' ],
17 silly audit   '@firebase/functions': [ '0.12.8' ],
17 silly audit   '@firebase/functions-compat': [ '0.3.25' ],
17 silly audit   '@firebase/functions-types': [ '0.6.3' ],
17 silly audit   '@firebase/installations': [ '0.6.17' ],
17 silly audit   '@firebase/installations-compat': [ '0.2.17' ],
17 silly audit   '@firebase/installations-types': [ '0.5.3' ],
17 silly audit   '@firebase/logger': [ '0.4.4' ],
17 silly audit   '@firebase/messaging': [ '0.12.21' ],
17 silly audit   '@firebase/messaging-compat': [ '0.2.21' ],
17 silly audit   '@firebase/messaging-interop-types': [ '0.2.3' ],
17 silly audit   '@firebase/performance': [ '0.7.6' ],
17 silly audit   '@firebase/performance-compat': [ '0.2.19' ],
17 silly audit   '@firebase/performance-types': [ '0.2.3' ],
17 silly audit   '@firebase/remote-config': [ '0.6.4' ],
17 silly audit   '@firebase/remote-config-compat': [ '0.2.17' ],
17 silly audit   '@firebase/remote-config-types': [ '0.4.0' ],
17 silly audit   '@firebase/storage': [ '0.13.13' ],
17 silly audit   '@firebase/storage-compat': [ '0.3.23' ],
17 silly audit   '@firebase/storage-types': [ '0.8.3' ],
17 silly audit   '@firebase/util': [ '1.12.0' ],
17 silly audit   '@firebase/webchannel-wrapper': [ '1.0.3' ],
17 silly audit   '@floating-ui/core': [ '1.7.3' ],
17 silly audit   '@floating-ui/dom': [ '1.7.4' ],
17 silly audit   '@floating-ui/react-dom': [ '2.1.6' ],
17 silly audit   '@floating-ui/utils': [ '0.2.10' ],
17 silly audit   '@genkit-ai/ai': [ '1.28.0' ],
17 silly audit   '@genkit-ai/core': [ '1.28.0' ],
17 silly audit   '@genkit-ai/firebase': [ '1.28.0' ],
17 silly audit   '@genkit-ai/google-cloud': [ '1.28.0' ],
17 silly audit   '@genkit-ai/google-genai': [ '1.28.0' ],
17 silly audit   '@genkit-ai/telemetry-server': [ '1.28.0' ],
17 silly audit   '@genkit-ai/tools-common': [ '1.28.0' ],
17 silly audit   uuid: [ '9.0.1', '8.3.2', '11.1.0', '10.0.0', '7.0.3' ],
17 silly audit   '@google-cloud/common': [ '5.0.2' ],
17 silly audit   '@google-cloud/firestore': [ '7.11.6' ],
17 silly audit   '@google-cloud/logging': [ '11.2.1' ],
17 silly audit   '@google-cloud/logging-winston': [ '6.0.1' ],
17 silly audit   '@google-cloud/modelarmor': [ '0.4.1' ],
17 silly audit   '@grpc/proto-loader': [ '0.8.0', '0.7.13' ],
17 silly audit   'agent-base': [ '6.0.2', '7.1.3' ],
17 silly audit   gaxios: [ '7.1.3', '6.7.1' ],
17 silly audit   'gcp-metadata': [ '8.1.2', '6.1.1' ],
17 silly audit   'google-auth-library': [ '10.5.0', '9.15.1' ],
17 silly audit   'google-gax': [ '5.0.6', '4.6.1' ],
17 silly audit   'google-logging-utils': [ '1.1.3', '0.0.2' ],
17 silly audit   gtoken: [ '8.0.0', '7.1.0' ],
17 silly audit   'proto3-json-serializer': [ '3.0.4', '2.0.2' ],
17 silly audit   'retry-request': [ '8.0.2', '7.0.2' ],
17 silly audit   'teeny-request': [ '10.1.0', '9.0.0' ],
17 silly audit   'https-proxy-agent': [ '5.0.1', '7.0.6' ],
17 silly audit   '@google-cloud/opentelemetry-cloud-monitoring-exporter': [ '0.19.0' ],
17 silly audit   '@google-cloud/opentelemetry-cloud-trace-exporter': [ '2.4.1' ],
17 silly audit   '@google-cloud/opentelemetry-resource-util': [ '2.4.0' ],
17 silly audit   '@google-cloud/paginator': [ '5.0.2' ],
17 silly audit   '@google-cloud/precise-date': [ '4.0.0' ],
17 silly audit   '@google-cloud/projectify': [ '4.0.0' ],
17 silly audit   '@google-cloud/promisify': [ '4.0.0' ],
17 silly audit   '@google-cloud/storage': [ '7.18.0' ],
17 silly audit   '@hookform/resolvers': [ '4.1.3' ],
17 silly audit   '@img/colour': [ '1.0.0' ],
17 silly audit   '@img/sharp-darwin-arm64': [ '0.34.5' ],
17 silly audit   '@img/sharp-darwin-x64': [ '0.34.5' ],
17 silly audit   '@img/sharp-libvips-darwin-arm64': [ '1.2.4' ],
17 silly audit   '@img/sharp-libvips-darwin-x64': [ '1.2.4' ],
17 silly audit   '@img/sharp-libvips-linux-arm': [ '1.2.4' ],
17 silly audit   '@img/sharp-libvips-linux-arm64': [ '1.2.4' ],
17 silly audit   '@img/sharp-libvips-linux-ppc64': [ '1.2.4' ],
17 silly audit   '@img/sharp-libvips-linux-riscv64': [ '1.2.4' ],
17 silly audit   '@img/sharp-libvips-linux-s390x': [ '1.2.4' ],
17 silly audit   '@img/sharp-libvips-linux-x64': [ '1.2.4' ],
17 silly audit   '@img/sharp-libvips-linuxmusl-arm64': [ '1.2.4' ],
17 silly audit   '@img/sharp-libvips-linuxmusl-x64': [ '1.2.4' ],
17 silly audit   '@img/sharp-linux-arm': [ '0.34.5' ],
17 silly audit   '@img/sharp-linux-arm64': [ '0.34.5' ],
17 silly audit   '@img/sharp-linux-ppc64': [ '0.34.5' ],
17 silly audit   '@img/sharp-linux-riscv64': [ '0.34.5' ],
17 silly audit   '@img/sharp-linux-s390x': [ '0.34.5' ],
17 silly audit   '@img/sharp-linux-x64': [ '0.34.5' ],
17 silly audit   '@img/sharp-linuxmusl-arm64': [ '0.34.5' ],
17 silly audit   '@img/sharp-linuxmusl-x64': [ '0.34.5' ],
17 silly audit   '@img/sharp-wasm32': [ '0.34.5' ],
17 silly audit   '@img/sharp-win32-arm64': [ '0.34.5' ],
17 silly audit   '@img/sharp-win32-ia32': [ '0.34.5' ],
17 silly audit   '@img/sharp-win32-x64': [ '0.34.5' ],
17 silly audit   '@inquirer/ansi': [ '1.0.2' ],
17 silly audit   '@inquirer/checkbox': [ '4.3.2' ],
17 silly audit   '@inquirer/confirm': [ '5.1.21' ],
17 silly audit   '@inquirer/core': [ '10.3.2' ],
17 silly audit   'ansi-regex': [ '5.0.1', '6.1.0' ],
17 silly audit   'ansi-styles': [ '4.3.0', '6.2.1' ],
17 silly audit   'emoji-regex': [ '8.0.0', '9.2.2' ],
17 silly audit   'string-width': [ '4.2.3', '5.1.2' ],
17 silly audit   'strip-ansi': [ '6.0.1', '7.1.0' ],
17 silly audit   'wrap-ansi': [ '6.2.0', '7.0.0', '8.1.0' ],
17 silly audit   '@inquirer/editor': [ '4.2.23' ],
17 silly audit   '@inquirer/expand': [ '4.0.23' ],
17 silly audit   '@inquirer/external-editor': [ '1.0.3' ],
17 silly audit   'iconv-lite': [ '0.7.2', '0.6.3', '0.7.0', '0.4.24' ],
17 silly audit   '@inquirer/figures': [ '1.0.15' ],
17 silly audit   '@inquirer/input': [ '4.3.1' ],
17 silly audit   '@inquirer/number': [ '3.0.23' ],
17 silly audit   '@inquirer/password': [ '4.0.23' ],
17 silly audit   '@inquirer/prompts': [ '7.10.1' ],
17 silly audit   '@inquirer/rawlist': [ '4.1.11' ],
17 silly audit   '@inquirer/search': [ '3.2.2' ],
17 silly audit   '@inquirer/select': [ '4.4.2' ],
17 silly audit   '@inquirer/type': [ '3.0.10' ],
17 silly audit   '@ionic/cli-framework-output': [ '2.2.8' ],
17 silly audit   '@ionic/utils-array': [ '2.1.6' ],
17 silly audit   '@ionic/utils-fs': [ '3.1.7' ],
17 silly audit   '@ionic/utils-object': [ '2.1.6' ],
17 silly audit   '@ionic/utils-process': [ '2.1.12' ],
17 silly audit   'signal-exit': [ '3.0.7', '4.1.0' ],
17 silly audit   '@ionic/utils-stream': [ '3.1.7' ],
17 silly audit   '@ionic/utils-subprocess': [ '3.0.1' ],
17 silly audit   '@ionic/utils-terminal': [ '2.3.5' ],
17 silly audit   '@isaacs/cliui': [ '8.0.2' ],
17 silly audit   '@isaacs/fs-minipass': [ '4.0.1' ],
17 silly audit   '@jridgewell/gen-mapping': [ '0.3.8' ],
17 silly audit   '@jridgewell/resolve-uri': [ '3.1.2' ],
17 silly audit   '@jridgewell/set-array': [ '1.2.1' ],
17 silly audit   '@jridgewell/sourcemap-codec': [ '1.5.0' ],
17 silly audit   '@jridgewell/trace-mapping': [ '0.3.25' ],
17 silly audit   '@js-sdsl/ordered-map': [ '4.4.2' ],
17 silly audit   '@jsep-plugin/assignment': [ '1.3.0' ],
17 silly audit   '@jsep-plugin/regex': [ '1.0.4' ],
17 silly audit   '@modelcontextprotocol/sdk': [ '1.18.2' ],
17 silly audit   accepts: [ '2.0.0', '1.3.8' ],
17 silly audit   ajv: [ '6.12.6', '8.17.1' ],
17 silly audit   'body-parser': [ '2.2.0', '1.20.3' ],
17 silly audit   'content-disposition': [ '1.0.0', '0.5.4' ],
17 silly audit   'cookie-signature': [ '1.2.2', '1.0.6' ],
17 silly audit   express: [ '5.1.0', '4.21.2' ],
17 silly audit   finalhandler: [ '2.1.0', '1.3.1' ],
17 silly audit   fresh: [ '2.0.0', '0.5.2' ],
17 silly audit   'json-schema-traverse': [ '0.4.1', '1.0.0' ],
17 silly audit   'media-typer': [ '1.1.0', '0.3.0' ],
17 silly audit   'merge-descriptors': [ '2.0.0', '1.0.3' ],
17 silly audit   'mime-db': [ '1.54.0', '1.52.0' ],
17 silly audit   'mime-types': [ '3.0.1', '2.1.35' ],
17 silly audit   negotiator: [ '1.0.0', '0.6.3' ],
17 silly audit   qs: [ '6.14.0', '6.13.0' ],
17 silly audit   'raw-body': [ '3.0.1', '2.5.2' ],
17 silly audit   send: [ '1.2.0', '0.19.0' ],
17 silly audit   'serve-static': [ '2.2.0', '1.16.2' ],
17 silly audit   'type-is': [ '2.0.1', '1.6.18' ],
17 silly audit   '@next/env': [ '15.5.9' ],
17 silly audit   '@next/swc-darwin-arm64': [ '15.5.7' ],
17 silly audit   '@next/swc-darwin-x64': [ '15.5.7' ],
17 silly audit   '@next/swc-linux-arm64-gnu': [ '15.5.7' ],
17 silly audit   '@next/swc-linux-arm64-musl': [ '15.5.7' ],
17 silly audit   '@next/swc-linux-x64-gnu': [ '15.5.7' ],
17 silly audit   '@next/swc-linux-x64-musl': [ '15.5.7' ],
17 silly audit   '@next/swc-win32-arm64-msvc': [ '15.5.7' ],
17 silly audit   '@next/swc-win32-x64-msvc': [ '15.5.7' ],
17 silly audit   '@nodelib/fs.scandir': [ '2.1.5' ],
17 silly audit   '@nodelib/fs.stat': [ '2.0.5' ],
17 silly audit   '@nodelib/fs.walk': [ '1.2.8' ],
17 silly audit   '@opentelemetry/api': [ '1.9.0' ],
17 silly audit   '@opentelemetry/api-logs': [ '0.52.1' ],
17 silly audit   '@opentelemetry/auto-instrumentations-node': [ '0.49.2' ],
17 silly audit   '@opentelemetry/context-async-hooks': [ '1.25.1' ],
17 silly audit   '@opentelemetry/core': [ '1.25.1', '1.30.1' ],
17 silly audit   '@opentelemetry/semantic-conventions': [ '1.25.1', '1.28.0', '1.39.0' ],
17 silly audit   '@opentelemetry/exporter-jaeger': [ '1.30.1' ],
17 silly audit   '@opentelemetry/resources': [ '1.30.1', '1.25.1' ],
17 silly audit   '@opentelemetry/sdk-trace-base': [ '1.30.1', '1.25.1' ],
17 silly audit   '@opentelemetry/exporter-trace-otlp-grpc': [ '0.52.1' ],
17 silly audit   '@opentelemetry/exporter-trace-otlp-http': [ '0.52.1' ],
17 silly audit   '@opentelemetry/exporter-trace-otlp-proto': [ '0.52.1' ],
17 silly audit   '@opentelemetry/exporter-zipkin': [ '1.25.1' ],
17 silly audit   '@opentelemetry/instrumentation': [ '0.52.1' ],
17 silly audit   '@opentelemetry/instrumentation-amqplib': [ '0.41.0' ],
17 silly audit   '@opentelemetry/instrumentation-aws-lambda': [ '0.43.0' ],
17 silly audit   '@opentelemetry/instrumentation-aws-sdk': [ '0.43.1' ],
17 silly audit   '@opentelemetry/instrumentation-bunyan': [ '0.40.0' ],
17 silly audit   '@opentelemetry/instrumentation-cassandra-driver': [ '0.40.0' ],
17 silly audit   '@opentelemetry/instrumentation-connect': [ '0.38.0' ],
17 silly audit   '@opentelemetry/instrumentation-cucumber': [ '0.8.0' ],
17 silly audit   '@opentelemetry/instrumentation-dataloader': [ '0.11.0' ],
17 silly audit   '@opentelemetry/instrumentation-dns': [ '0.38.0' ],
17 silly audit   '@opentelemetry/instrumentation-express': [ '0.41.1' ],
17 silly audit   '@opentelemetry/instrumentation-fastify': [ '0.38.0' ],
17 silly audit   '@opentelemetry/instrumentation-fs': [ '0.14.0' ],
17 silly audit   '@opentelemetry/instrumentation-generic-pool': [ '0.38.1' ],
17 silly audit   '@opentelemetry/instrumentation-graphql': [ '0.42.0' ],
17 silly audit   '@opentelemetry/instrumentation-grpc': [ '0.52.1' ],
17 silly audit   '@opentelemetry/instrumentation-hapi': [ '0.40.0' ],
17 silly audit   '@opentelemetry/instrumentation-http': [ '0.52.1' ],
17 silly audit   '@opentelemetry/instrumentation-ioredis': [ '0.42.0' ],
17 silly audit   '@opentelemetry/instrumentation-kafkajs': [ '0.2.0' ],
17 silly audit   '@opentelemetry/instrumentation-knex': [ '0.39.0' ],
17 silly audit   '@opentelemetry/instrumentation-koa': [ '0.42.0' ],
17 silly audit   '@opentelemetry/instrumentation-lru-memoizer': [ '0.39.0' ],
17 silly audit   '@opentelemetry/instrumentation-memcached': [ '0.38.0' ],
17 silly audit   '@opentelemetry/instrumentation-mongodb': [ '0.46.0' ],
17 silly audit   '@opentelemetry/instrumentation-mongoose': [ '0.41.0' ],
17 silly audit   '@opentelemetry/instrumentation-mysql': [ '0.40.0' ],
17 silly audit   '@opentelemetry/instrumentation-mysql2': [ '0.40.0' ],
17 silly audit   '@opentelemetry/instrumentation-nestjs-core': [ '0.39.0' ],
17 silly audit   '@opentelemetry/instrumentation-net': [ '0.38.0' ],
17 silly audit   '@opentelemetry/instrumentation-pg': [ '0.43.0' ],
17 silly audit   '@opentelemetry/instrumentation-pino': [ '0.41.0' ],
17 silly audit   '@opentelemetry/instrumentation-redis': [ '0.41.0' ],
17 silly audit   '@opentelemetry/instrumentation-redis-4': [ '0.41.1' ],
17 silly audit   '@opentelemetry/instrumentation-restify': [ '0.40.0' ],
17 silly audit   '@opentelemetry/instrumentation-router': [ '0.39.0' ],
17 silly audit   '@opentelemetry/instrumentation-socket.io': [ '0.41.0' ],
17 silly audit   '@opentelemetry/instrumentation-tedious': [ '0.13.0' ],
17 silly audit   '@opentelemetry/instrumentation-undici': [ '0.5.0' ],
17 silly audit   '@opentelemetry/instrumentation-winston': [ '0.39.0' ],
17 silly audit   '@opentelemetry/otlp-exporter-base': [ '0.52.1' ],
17 silly audit   '@opentelemetry/otlp-grpc-exporter-base': [ '0.52.1' ],
17 silly audit   '@opentelemetry/otlp-transformer': [ '0.52.1' ],
17 silly audit   '@opentelemetry/propagation-utils': [ '0.30.16' ],
17 silly audit   '@opentelemetry/propagator-aws-xray': [ '1.26.2' ],
17 silly audit   '@opentelemetry/propagator-b3': [ '1.25.1' ],
17 silly audit   '@opentelemetry/propagator-jaeger': [ '1.25.1' ],
17 silly audit   '@opentelemetry/redis-common': [ '0.36.2' ],
17 silly audit   '@opentelemetry/resource-detector-alibaba-cloud': [ '0.29.7' ],
17 silly audit   '@opentelemetry/resource-detector-aws': [ '1.12.0' ],
17 silly audit   '@opentelemetry/resource-detector-azure': [ '0.2.12' ],
17 silly audit   '@opentelemetry/resource-detector-container': [ '0.4.4' ],
17 silly audit   '@opentelemetry/resource-detector-gcp': [ '0.29.13' ],
17 silly audit   '@opentelemetry/sdk-logs': [ '0.52.1' ],
17 silly audit   '@opentelemetry/sdk-metrics': [ '1.25.1' ],
17 silly audit   '@opentelemetry/sdk-node': [ '0.52.1' ],
17 silly audit   '@opentelemetry/sdk-trace-node': [ '1.25.1' ],
17 silly audit   '@opentelemetry/sql-common': [ '0.40.1' ],
17 silly audit   '@pkgjs/parseargs': [ '0.11.0' ],
17 silly audit   '@protobufjs/aspromise': [ '1.1.2' ],
17 silly audit   '@protobufjs/base64': [ '1.1.2' ],
17 silly audit   '@protobufjs/codegen': [ '2.0.4' ],
17 silly audit   '@protobufjs/eventemitter': [ '1.1.0' ],
17 silly audit   '@protobufjs/fetch': [ '1.1.0' ],
17 silly audit   '@protobufjs/float': [ '1.0.2' ],
17 silly audit   '@protobufjs/inquire': [ '1.1.0' ],
17 silly audit   '@protobufjs/path': [ '1.1.2' ],
17 silly audit   '@protobufjs/pool': [ '1.1.0' ],
17 silly audit   '@protobufjs/utf8': [ '1.1.0' ],
17 silly audit   '@radix-ui/number': [ '1.1.0' ],
17 silly audit   '@radix-ui/primitive': [ '1.1.1', '1.1.2', '1.1.3' ],
17 silly audit   '@radix-ui/react-accordion': [ '1.2.3' ],
17 silly audit   '@radix-ui/react-collapsible': [ '1.1.3', '1.1.11' ],
17 silly audit   '@radix-ui/react-alert-dialog': [ '1.1.6' ],
17 silly audit   '@radix-ui/react-dialog': [ '1.1.6', '1.1.15' ],
17 silly audit   '@radix-ui/react-dismissable-layer': [ '1.1.5', '1.1.11' ],
17 silly audit   '@radix-ui/react-focus-scope': [ '1.1.2', '1.1.7' ],
17 silly audit   '@radix-ui/react-portal': [ '1.1.4', '1.1.9' ],
17 silly audit   '@radix-ui/react-slot': [ '1.1.2', '1.2.3' ],
17 silly audit   '@radix-ui/react-use-escape-keydown': [ '1.1.0', '1.1.1' ],
17 silly audit   '@radix-ui/react-arrow': [ '1.1.2' ],
17 silly audit   '@radix-ui/react-avatar': [ '1.1.3' ],
17 silly audit   '@radix-ui/react-checkbox': [ '1.1.4' ],
17 silly audit   '@radix-ui/react-compose-refs': [ '1.1.2', '1.1.1' ],
17 silly audit   '@radix-ui/react-context': [ '1.1.2', '1.1.1' ],
17 silly audit   '@radix-ui/react-id': [ '1.1.1', '1.1.0' ],
17 silly audit   '@radix-ui/react-presence': [ '1.1.4', '1.1.5', '1.1.2' ],
17 silly audit   '@radix-ui/react-primitive': [ '2.1.3', '2.0.2' ],
17 silly audit   '@radix-ui/react-use-controllable-state': [ '1.2.2', '1.1.0' ],
17 silly audit   '@radix-ui/react-use-layout-effect': [ '1.1.1', '1.1.0' ],
17 silly audit   '@radix-ui/react-collection': [ '1.1.2' ],
17 silly audit   '@radix-ui/react-focus-guards': [ '1.1.3', '1.1.1' ],
17 silly audit   '@radix-ui/react-direction': [ '1.1.0' ],
17 silly audit   '@radix-ui/react-use-callback-ref': [ '1.1.1', '1.1.0' ],
17 silly audit   '@radix-ui/react-dropdown-menu': [ '2.1.6' ],
17 silly audit   '@radix-ui/react-label': [ '2.1.2' ],
17 silly audit   '@radix-ui/react-menu': [ '2.1.6' ],
17 silly audit   '@radix-ui/react-menubar': [ '1.1.6' ],
17 silly audit   '@radix-ui/react-popover': [ '1.1.6' ],
17 silly audit   '@radix-ui/react-popper': [ '1.2.2' ],
17 silly audit   '@radix-ui/react-progress': [ '1.1.2' ],
17 silly audit   '@radix-ui/react-radio-group': [ '1.2.3' ],
17 silly audit   '@radix-ui/react-roving-focus': [ '1.1.2' ],
17 silly audit   '@radix-ui/react-scroll-area': [ '1.2.3' ],
17 silly audit   '@radix-ui/react-select': [ '2.1.6' ],
17 silly audit   '@radix-ui/react-separator': [ '1.1.2' ],
17 silly audit   '@radix-ui/react-slider': [ '1.2.3' ],
17 silly audit   '@radix-ui/react-switch': [ '1.1.3' ],
17 silly audit   '@radix-ui/react-tabs': [ '1.1.3' ],
17 silly audit   '@radix-ui/react-toast': [ '1.2.6' ],
17 silly audit   '@radix-ui/react-tooltip': [ '1.1.8' ],
17 silly audit   '@radix-ui/react-use-effect-event': [ '0.0.2' ],
17 silly audit   '@radix-ui/react-use-previous': [ '1.1.0' ],
17 silly audit   '@radix-ui/react-use-rect': [ '1.1.0' ],
17 silly audit   '@radix-ui/react-use-size': [ '1.1.0' ],
17 silly audit   '@radix-ui/react-visually-hidden': [ '1.1.2' ],
17 silly audit   '@radix-ui/rect': [ '1.1.0' ],
17 silly audit   '@so-ric/colorspace': [ '1.1.6' ],
17 silly audit   '@standard-schema/utils': [ '0.3.0' ],
17 silly audit   '@swc/helpers': [ '0.5.15' ],
17 silly audit   '@tootallnate/once': [ '2.0.0' ],
17 silly audit   '@trpc/server': [ '10.45.4' ],
17 silly audit   '@types/aws-lambda': [ '8.10.122' ],
17 silly audit   '@types/bunyan': [ '1.8.9' ],
17 silly audit   '@types/caseless': [ '0.12.5' ],
17 silly audit   '@types/connect': [ '3.4.36' ],
17 silly audit   '@types/d3-array': [ '3.2.1' ],
17 silly audit   '@types/d3-color': [ '3.1.3' ],
17 silly audit   '@types/d3-ease': [ '3.0.2' ],
17 silly audit   '@types/d3-interpolate': [ '3.0.4' ],
17 silly audit   '@types/d3-path': [ '3.1.1' ],
17 silly audit   '@types/d3-scale': [ '4.0.9' ],
17 silly audit   '@types/d3-shape': [ '3.1.7' ],
17 silly audit   '@types/d3-time': [ '3.0.4' ],
17 silly audit   '@types/d3-timer': [ '3.0.2' ],
17 silly audit   '@types/fs-extra': [ '8.1.5' ],
17 silly audit   '@types/json-schema': [ '7.0.15' ],
17 silly audit   '@types/jsonwebtoken': [ '9.0.10' ],
17 silly audit   '@types/long': [ '4.0.2' ],
17 silly audit   '@types/memcached': [ '2.2.10' ],
17 silly audit   '@types/ms': [ '2.1.0' ],
17 silly audit   '@types/mysql': [ '2.15.22' ],
17 silly audit   '@types/node': [ '20.17.17', '22.19.7' ],
17 silly audit   '@types/pg': [ '8.6.1' ],
17 silly audit   '@types/pg-pool': [ '2.0.4' ],
17 silly audit   '@types/react': [ '19.2.7' ],
17 silly audit   '@types/react-dom': [ '19.2.3' ],
17 silly audit   '@types/request': [ '2.48.13' ],
17 silly audit   'form-data': [ '2.5.5', '4.0.5' ],
17 silly audit   '@types/shimmer': [ '1.2.0' ],
17 silly audit   '@types/slice-ansi': [ '4.0.0' ],
17 silly audit   '@types/tedious': [ '4.0.14' ],
17 silly audit   '@types/tough-cookie': [ '4.0.5' ],
17 silly audit   '@types/triple-beam': [ '1.3.5' ],
17 silly audit   '@types/yauzl': [ '2.10.3' ],
17 silly audit   '@xmldom/xmldom': [ '0.9.10' ],
17 silly audit   '@yarnpkg/lockfile': [ '1.1.0' ],
17 silly audit   'abort-controller': [ '3.0.0' ],
17 silly audit   acorn: [ '8.15.0' ],
17 silly audit   'acorn-import-attributes': [ '1.9.5' ],
17 silly audit   'adm-zip': [ '0.5.16' ],
17 silly audit   'ajv-formats': [ '3.0.1' ],
17 silly audit   'ansi-color': [ '0.2.2' ],
17 silly audit   'any-promise': [ '1.3.0' ],
17 silly audit   anymatch: [ '3.1.3' ],
17 silly audit   arg: [ '5.0.2' ],
17 silly audit   argparse: [ '2.0.1' ],
17 silly audit   'aria-hidden': [ '1.2.4' ],
17 silly audit   'array-flatten': [ '1.1.1' ],
17 silly audit   arrify: [ '2.0.1' ],
17 silly audit   'astral-regex': [ '2.0.0' ],
17 silly audit   async: [ '3.2.6' ],
17 silly audit   'async-mutex': [ '0.5.0' ],
17 silly audit   'async-retry': [ '1.3.3' ],
17 silly audit   asynckit: [ '0.4.0' ],
17 silly audit   'at-least-node': [ '1.0.0' ],
17 silly audit   axios: [ '1.14.0' ],
17 silly audit   'base64-js': [ '1.5.1' ],
17 silly audit   'big-integer': [ '1.6.52' ],
17 silly audit   'bignumber.js': [ '9.1.2' ],
17 silly audit   'binary-extensions': [ '2.3.0' ],
17 silly audit   bl: [ '4.1.0' ],
17 silly audit   'bplist-creator': [ '0.1.0' ],
17 silly audit   'bplist-parser': [ '0.3.2', '0.3.1' ],
17 silly audit   braces: [ '3.0.3' ],
17 silly audit   buffer: [ '5.7.1' ],
17 silly audit   'buffer-crc32': [ '0.2.13' ],
17 silly audit   'buffer-equal-constant-time': [ '1.0.1' ],
17 silly audit   bufrw: [ '1.4.0' ],
17 silly audit   bytes: [ '3.1.2' ],
17 silly audit   'call-bind': [ '1.0.8' ],
17 silly audit   'call-bind-apply-helpers': [ '1.0.1' ],
17 silly audit   'call-bound': [ '1.0.3' ],
17 silly audit   'camelcase-css': [ '2.0.1' ],
17 silly audit   'caniuse-lite': [ '1.0.30001699' ],
17 silly audit   chalk: [ '4.1.2' ],
17 silly audit   chardet: [ '2.1.1' ],
17 silly audit   chokidar: [ '3.6.0' ],
17 silly audit   'glob-parent': [ '5.1.2', '6.0.2' ],
17 silly audit   chownr: [ '3.0.0' ],
17 silly audit   'ci-info': [ '3.9.0' ],
17 silly audit   'cjs-module-lexer': [ '1.4.3' ],
17 silly audit   'class-variance-authority': [ '0.7.1' ],
17 silly audit   'cli-cursor': [ '3.1.0' ],
17 silly audit   'cli-spinners': [ '2.9.2' ],
17 silly audit   'cli-width': [ '4.1.0' ],
17 silly audit   'client-only': [ '0.0.1' ],
17 silly audit   cliui: [ '8.0.1' ],
17 silly audit   clone: [ '1.0.4' ],
17 silly audit   clsx: [ '2.1.1' ],
17 silly audit   color: [ '5.0.3' ],
17 silly audit   'color-convert': [ '2.0.1', '3.1.3' ],
17 silly audit   'color-name': [ '1.1.4', '2.1.0' ],
17 silly audit   'color-string': [ '2.1.4' ],
17 silly audit   colorette: [ '2.0.20' ],
17 silly audit   'combined-stream': [ '1.0.8' ],
17 silly audit   'concat-map': [ '0.0.1' ],
17 silly audit   configstore: [ '5.0.1' ],
17 silly audit   'dot-prop': [ '5.3.0', '6.0.1' ],
17 silly audit   'content-type': [ '1.0.5' ],
17 silly audit   cookie: [ '0.7.1' ],
17 silly audit   cors: [ '2.8.5' ],
17 silly audit   'cross-spawn': [ '7.0.6' ],
17 silly audit   'crypto-random-string': [ '2.0.0' ],
17 silly audit   cssesc: [ '3.0.0' ],
17 silly audit   csstype: [ '3.2.3' ],
17 silly audit   'd3-array': [ '3.2.4' ],
17 silly audit   'd3-color': [ '3.1.0' ],
17 silly audit   'd3-ease': [ '3.0.1' ],
17 silly audit   'd3-format': [ '3.1.0' ],
17 silly audit   'd3-interpolate': [ '3.0.1' ],
17 silly audit   'd3-path': [ '3.1.0' ],
17 silly audit   'd3-scale': [ '4.0.2' ],
17 silly audit   'd3-shape': [ '3.2.0' ],
17 silly audit   'd3-time': [ '3.1.0' ],
17 silly audit   'd3-time-format': [ '4.1.0' ],
17 silly audit   'd3-timer': [ '3.0.1' ],
17 silly audit   'data-uri-to-buffer': [ '4.0.1' ],
17 silly audit   'date-fns': [ '3.6.0', '4.1.0' ],
17 silly audit   'date-fns-jalali': [ '4.1.0-0' ],
17 silly audit   'decimal.js-light': [ '2.5.1' ],
17 silly audit   deeks: [ '3.1.0' ],
17 silly audit   defaults: [ '1.0.4' ],
17 silly audit   'define-data-property': [ '1.1.4' ],
17 silly audit   'define-lazy-prop': [ '2.0.0' ],
17 silly audit   'delayed-stream': [ '1.0.0' ],
17 silly audit   depd: [ '2.0.0' ],
17 silly audit   destroy: [ '1.2.0' ],
17 silly audit   'detect-libc': [ '2.1.2' ],
17 silly audit   'detect-node-es': [ '1.1.0' ],
17 silly audit   didyoumean: [ '1.2.2' ],
17 silly audit   dlv: [ '1.1.3' ],
17 silly audit   'doc-path': [ '4.1.1' ],
17 silly audit   'dom-helpers': [ '5.2.1' ],
17 silly audit   dotenv: [ '16.5.0' ],
17 silly audit   dotprompt: [ '1.1.2' ],
17 silly audit   'dunder-proto': [ '1.0.1' ],
17 silly audit   duplexer: [ '0.1.2' ],
17 silly audit   duplexify: [ '4.1.3' ],
17 silly audit   eastasianwidth: [ '0.2.0' ],
17 silly audit   'ecdsa-sig-formatter': [ '1.0.11' ],
17 silly audit   'ee-first': [ '1.1.1' ],
17 silly audit   elementtree: [ '0.1.7' ],
17 silly audit   'embla-carousel': [ '8.6.0' ],
17 silly audit   'embla-carousel-react': [ '8.6.0' ],
17 silly audit   'embla-carousel-reactive-utils': [ '8.6.0' ],
17 silly audit   enabled: [ '2.0.0' ],
17 silly audit   encodeurl: [ '2.0.0', '1.0.2' ],
17 silly audit   'end-of-stream': [ '1.4.4' ],
17 silly audit   'env-paths': [ '2.2.1' ],
17 silly audit   error: [ '7.0.2' ],
17 silly audit   'es-define-property': [ '1.0.1' ],
17 silly audit   'es-errors': [ '1.3.0' ],
17 silly audit   'es-object-atoms': [ '1.1.1' ],
17 silly audit   'es-set-tostringtag': [ '2.1.0' ],
17 silly audit   esbuild: [ '0.27.2' ],
17 silly audit   escalade: [ '3.2.0' ],
17 silly audit   'escape-html': [ '1.0.3' ],
17 silly audit   etag: [ '1.8.1' ],
17 silly audit   'event-stream': [ '3.3.4' ],
17 silly audit   'event-target-shim': [ '5.0.1' ],
17 silly audit   eventemitter3: [ '4.0.7' ],
17 silly audit   eventid: [ '2.0.1' ],
17 silly audit   eventsource: [ '3.0.7' ],
17 silly audit   'eventsource-parser': [ '3.0.6' ],
17 silly audit   'express-rate-limit': [ '7.5.1' ],
17 silly audit   extend: [ '3.0.2' ],
17 silly audit   'extract-zip': [ '2.0.1' ],
17 silly audit   'farmhash-modern': [ '1.1.0' ],
17 silly audit   'fast-deep-equal': [ '3.1.3' ],
17 silly audit   'fast-equals': [ '5.3.3' ],
17 silly audit   'fast-glob': [ '3.3.3' ],
17 silly audit   'fast-json-stable-stringify': [ '2.1.0' ],
17 silly audit   'fast-uri': [ '3.1.0' ],
17 silly audit   'fast-xml-parser': [ '4.5.3' ],
17 silly audit   fastq: [ '1.19.0' ],
17 silly audit   'faye-websocket': [ '0.11.4' ],
17 silly audit   'fd-slicer': [ '1.1.0' ],
17 silly audit   fecha: [ '4.2.3' ],
17 silly audit   'fetch-blob': [ '3.2.0' ],
17 silly audit   'fill-range': [ '7.1.1' ],
17 silly audit   'find-yarn-workspace-root': [ '2.0.0' ],
17 silly audit   firebase: [ '11.9.1' ],
17 silly audit   'firebase-admin': [ '13.6.0' ],
17 silly audit   'undici-types': [ '6.21.0', '6.19.8' ],
17 silly audit   'fn.name': [ '1.1.0' ],
17 silly audit   'follow-redirects': [ '1.15.11' ],
17 silly audit   'foreground-child': [ '3.3.0' ],
17 silly audit   'formdata-polyfill': [ '4.0.10' ],
17 silly audit   forwarded: [ '0.2.0' ],
17 silly audit   from: [ '0.1.7' ],
17 silly audit   'fs.realpath': [ '1.0.0' ],
17 silly audit   fsevents: [ '2.3.3' ],
17 silly audit   'function-bind': [ '1.1.2' ],
17 silly audit   'functional-red-black-tree': [ '1.0.1' ],
17 silly audit   'node-fetch': [ '2.7.0', '3.3.2' ],
17 silly audit   genkit: [ '1.28.0' ],
17 silly audit   'genkit-cli': [ '1.28.0' ],
17 silly audit   'get-caller-file': [ '2.0.5' ],
17 silly audit   'get-intrinsic': [ '1.2.7' ],
17 silly audit   'get-nonce': [ '1.0.1' ],
17 silly audit   'get-port': [ '5.1.1' ],
17 silly audit   'get-proto': [ '1.0.1' ],
17 silly audit   'get-stream': [ '5.2.0' ],
17 silly audit   'get-tsconfig': [ '4.13.0' ],
17 silly audit   googleapis: [ '137.1.0' ],
17 silly audit   'googleapis-common': [ '7.2.0' ],
17 silly audit   gopd: [ '1.2.0' ],
17 silly audit   'graceful-fs': [ '4.2.11' ],
17 silly audit   'groq-sdk': [ '1.5.0' ],
17 silly audit   handlebars: [ '4.7.8' ],
17 silly audit   'has-flag': [ '4.0.0' ],
17 silly audit   'has-property-descriptors': [ '1.0.2' ],
17 silly audit   'has-symbols': [ '1.1.0' ],
17 silly audit   'has-tostringtag': [ '1.0.2' ],
17 silly audit   hasown: [ '2.0.2' ],
17 silly audit   hexer: [ '1.5.0' ],
17 silly audit   'html-entities': [ '2.6.0' ],
17 silly audit   'http-errors': [ '2.0.0' ],
17 silly audit   'http-parser-js': [ '0.5.10' ],
17 silly audit   'http-proxy-agent': [ '5.0.0' ],
17 silly audit   idb: [ '7.1.1' ],
17 silly audit   ieee754: [ '1.2.1' ],
17 silly audit   'import-in-the-middle': [ '1.15.0' ],
17 silly audit   imurmurhash: [ '0.1.4' ],
17 silly audit   inflight: [ '1.0.6' ],
17 silly audit   inherits: [ '2.0.4' ],
17 silly audit   ini: [ '4.1.3' ],
17 silly audit   internmap: [ '2.0.3' ],
17 silly audit   'ipaddr.js': [ '1.9.1' ],
17 silly audit   'is-binary-path': [ '2.1.0' ],
17 silly audit   'is-core-module': [ '2.16.1' ],
17 silly audit   'is-docker': [ '2.2.1' ],
17 silly audit   'is-extglob': [ '2.1.1' ],
17 silly audit   'is-fullwidth-code-point': [ '3.0.0' ],
17 silly audit   'is-glob': [ '4.0.3' ],
17 silly audit   'is-interactive': [ '1.0.0' ],
17 silly audit   'is-number': [ '7.0.0' ],
17 silly audit   'is-obj': [ '2.0.0' ],
17 silly audit   'is-promise': [ '4.0.0' ],
17 silly audit   'is-stream': [ '2.0.1' ],
17 silly audit   'is-typedarray': [ '1.0.0' ],
17 silly audit   'is-unicode-supported': [ '0.1.0' ],
17 silly audit   isarray: [ '2.0.5' ],
17 silly audit   isexe: [ '2.0.0' ],
17 silly audit   jackspeak: [ '3.4.3' ],
17 silly audit   'jaeger-client': [ '3.19.0' ],
17 silly audit   jiti: [ '1.21.7' ],
17 silly audit   jose: [ '4.15.9' ],
17 silly audit   'js-tokens': [ '4.0.0' ],
17 silly audit   'js-yaml': [ '4.1.1' ],
17 silly audit   jsep: [ '1.4.0' ],
17 silly audit   'json-2-csv': [ '5.5.10' ],
17 silly audit   'json-bigint': [ '1.0.0' ],
17 silly audit   'json-schema': [ '0.4.0' ],
17 silly audit   'json-stable-stringify': [ '1.2.1' ],
17 silly audit   json5: [ '2.2.3' ],
17 silly audit   jsonfile: [ '6.1.0' ],
17 silly audit   jsonify: [ '0.0.1' ],
17 silly audit   'jsonpath-plus': [ '10.3.0' ],
17 silly audit   jsonwebtoken: [ '9.0.3' ],
17 silly audit   jwa: [ '2.0.1' ],
17 silly audit   'jwks-rsa': [ '3.2.2' ],
17 silly audit   jws: [ '4.0.1' ],
17 silly audit   'klaw-sync': [ '6.0.0' ],
17 silly audit   kleur: [ '4.1.5', '3.0.3' ],
17 silly audit   kuler: [ '2.0.0' ],
17 silly audit   lilconfig: [ '3.1.3' ],
17 silly audit   limiter: [ '1.1.5' ],
17 silly audit   'lines-and-columns': [ '1.2.4' ],
17 silly audit   lockfile: [ '1.0.4' ],
17 silly audit   lodash: [ '4.17.21' ],
17 silly audit   'lodash.camelcase': [ '4.3.0' ],
17 silly audit   'lodash.clonedeep': [ '4.5.0' ],
17 silly audit   'lodash.includes': [ '4.3.0' ],
17 silly audit   'lodash.isboolean': [ '3.0.3' ],
17 silly audit   'lodash.isinteger': [ '4.0.4' ],
17 silly audit   'lodash.isnumber': [ '3.0.3' ],
17 silly audit   'lodash.isplainobject': [ '4.0.6' ],
17 silly audit   'lodash.isstring': [ '4.0.1' ],
17 silly audit   'lodash.mapvalues': [ '4.6.0' ],
17 silly audit   'lodash.merge': [ '4.6.2' ],
17 silly audit   'lodash.once': [ '4.1.1' ],
17 silly audit   'log-symbols': [ '4.1.0' ],
17 silly audit   logform: [ '2.7.0' ],
17 silly audit   long: [ '5.3.0', '2.4.0' ],
17 silly audit   'loose-envify': [ '1.4.0' ],
17 silly audit   'lru-memoizer': [ '2.3.0' ],
17 silly audit   'lucide-react': [ '0.475.0' ],
17 silly audit   'make-dir': [ '3.1.0' ],
17 silly audit   semver: [ '6.3.1', '7.7.3' ],
17 silly audit   'map-stream': [ '0.1.0' ],
17 silly audit   'math-intrinsics': [ '1.1.0' ],
17 silly audit   merge2: [ '1.4.1' ],
17 silly audit   methods: [ '1.1.2' ],
17 silly audit   micromatch: [ '4.0.8' ],
17 silly audit   mime: [ '3.0.0', '1.6.0' ],
17 silly audit   'mimic-fn': [ '2.1.0' ],
17 silly audit   minimist: [ '1.2.8' ],
17 silly audit   minipass: [ '7.1.3' ],
17 silly audit   minizlib: [ '3.1.0' ],
17 silly audit   'module-details-from-path': [ '1.0.4' ],
17 silly audit   'mute-stream': [ '2.0.0' ],
17 silly audit   mz: [ '2.7.0' ],
17 silly audit   nanoid: [ '3.3.8' ],
17 silly audit   'native-run': [ '2.0.3' ],
17 silly audit   'neo-async': [ '2.6.2' ],
17 silly audit   next: [ '15.5.9' ],
17 silly audit   postcss: [ '8.4.31', '8.5.2' ],
17 silly audit   'node-domexception': [ '1.0.0' ],
17 silly audit   'node-forge': [ '1.3.3' ],
17 silly audit   'node-int64': [ '0.4.0' ],
17 silly audit   'normalize-path': [ '3.0.0' ],
17 silly audit   'object-assign': [ '4.1.1' ],
17 silly audit   'object-hash': [ '3.0.0' ],
17 silly audit   'object-inspect': [ '1.13.4' ],
17 silly audit   'object-keys': [ '1.1.1' ],
17 silly audit   'on-finished': [ '2.4.1' ],
17 silly audit   once: [ '1.4.0' ],
17 silly audit   'one-time': [ '1.0.0' ],
17 silly audit   onetime: [ '5.1.2' ],
17 silly audit   'openapi3-ts': [ '4.5.0' ],
17 silly audit   opentracing: [ '0.14.7' ],
17 silly audit   ora: [ '5.4.1' ],
17 silly audit   'os-tmpdir': [ '1.0.2' ],
17 silly audit   'p-limit': [ '3.1.0' ],
17 silly audit   'package-json-from-dist': [ '1.0.1' ],
17 silly audit   parseurl: [ '1.3.3' ],
17 silly audit   'partial-json': [ '0.1.7' ],
17 silly audit   'patch-package': [ '8.0.0' ],
17 silly audit   'path-is-absolute': [ '1.0.1' ],
17 silly audit   'path-key': [ '3.1.1' ],
17 silly audit   'path-parse': [ '1.0.7' ],
17 silly audit   'path-to-regexp': [ '0.1.12', '8.3.0' ],
17 silly audit   'pause-stream': [ '0.0.11' ],
17 silly audit   pend: [ '1.2.0' ],
17 silly audit   'pg-int8': [ '1.0.1' ],
17 silly audit   'pg-protocol': [ '1.11.0' ],
17 silly audit   'pg-types': [ '2.2.0' ],
17 silly audit   picocolors: [ '1.1.1' ],
17 silly audit   picomatch: [ '2.3.1' ],
17 silly audit   pify: [ '2.3.0' ],
17 silly audit   pirates: [ '4.0.6' ],
17 silly audit   'pkce-challenge': [ '5.0.0' ],
17 silly audit   plist: [ '3.1.1' ],
17 silly audit   'postcss-import': [ '15.1.0' ],
17 silly audit   'postcss-js': [ '4.0.1' ],
17 silly audit   'postcss-load-config': [ '4.0.2' ],
17 silly audit   'postcss-nested': [ '6.2.0' ],
17 silly audit   'postcss-selector-parser': [ '6.1.2' ],
17 silly audit   'postcss-value-parser': [ '4.2.0' ],
17 silly audit   'postgres-array': [ '2.0.0' ],
17 silly audit   'postgres-bytea': [ '1.0.1' ],
17 silly audit   'postgres-date': [ '1.0.7' ],
17 silly audit   'postgres-interval': [ '1.2.0' ],
17 silly audit   process: [ '0.10.1' ],
17 silly audit   prompts: [ '2.4.2' ],
17 silly audit   'prop-types': [ '15.8.1' ],
17 silly audit   'react-is': [ '16.13.1', '18.3.1' ],
17 silly audit   protobufjs: [ '7.5.4' ],
17 silly audit   'proxy-addr': [ '2.0.7' ],
17 silly audit   'proxy-from-env': [ '2.1.0' ],
17 silly audit   'ps-tree': [ '1.2.0' ],
17 silly audit   pump: [ '3.0.2' ],
17 silly audit   pumpify: [ '2.0.1' ],
17 silly audit   punycode: [ '2.3.1' ],
17 silly audit   'queue-microtask': [ '1.2.3' ],
17 silly audit   'range-parser': [ '1.2.1' ],
17 silly audit   react: [ '19.2.1' ],
17 silly audit   'react-day-picker': [ '9.11.3' ],
17 silly audit   'react-dom': [ '19.2.1' ],
17 silly audit   'react-hook-form': [ '7.54.2' ],
17 silly audit   'react-remove-scroll': [ '2.6.3' ],
17 silly audit   'react-remove-scroll-bar': [ '2.3.8' ],
17 silly audit   'react-smooth': [ '4.0.4' ],
17 silly audit   'react-style-singleton': [ '2.2.3' ],
17 silly audit   'react-transition-group': [ '4.4.5' ],
17 silly audit   'read-cache': [ '1.0.0' ],
17 silly audit   'readable-stream': [ '3.6.2' ],
17 silly audit   readdirp: [ '3.6.0' ],
17 silly audit   recharts: [ '2.15.1' ],
17 silly audit   'recharts-scale': [ '0.4.5' ],
17 silly audit   'require-directory': [ '2.1.1' ],
17 silly audit   'require-from-string': [ '2.0.2' ],
17 silly audit   'require-in-the-middle': [ '7.5.2' ],
17 silly audit   resolve: [ '1.22.10' ],
17 silly audit   'resolve-pkg-maps': [ '1.0.0' ],
17 silly audit   'restore-cursor': [ '3.1.0' ],
17 silly audit   retry: [ '0.13.1' ],
17 silly audit   reusify: [ '1.0.4' ],
17 silly audit   router: [ '2.2.0' ],
17 silly audit   'run-parallel': [ '1.2.0' ],
17 silly audit   'safe-buffer': [ '5.2.1' ],
17 silly audit   'safe-stable-stringify': [ '2.5.0' ],
17 silly audit   'safer-buffer': [ '2.1.2' ],
17 silly audit   sax: [ '1.1.4' ],
17 silly audit   scheduler: [ '0.27.0' ],
17 silly audit   'set-function-length': [ '1.2.2' ],
17 silly audit   setprototypeof: [ '1.2.0' ],
17 silly audit   sharp: [ '0.34.5' ],
17 silly audit   'shebang-command': [ '2.0.0' ],
17 silly audit   'shebang-regex': [ '3.0.0' ],
17 silly audit   shimmer: [ '1.2.1' ],
17 silly audit   'side-channel': [ '1.1.0' ],
17 silly audit   'side-channel-list': [ '1.0.0' ],
17 silly audit   'side-channel-map': [ '1.0.1' ],
17 silly audit   'side-channel-weakmap': [ '1.0.2' ],
17 silly audit   'simple-plist': [ '1.3.1' ],
17 silly audit   sisteransi: [ '1.0.5' ],
17 silly audit   slash: [ '2.0.0' ],
17 silly audit   'slice-ansi': [ '4.0.0' ],
17 silly audit   'source-map': [ '0.6.1' ],
17 silly audit   'source-map-js': [ '1.2.1' ],
17 silly audit   split: [ '0.3.3' ],
17 silly audit   split2: [ '4.2.0' ],
17 silly audit   'stack-trace': [ '0.0.10' ],
17 silly audit   statuses: [ '2.0.1' ],
17 silly audit   'stream-buffers': [ '2.2.0' ],
17 silly audit   'stream-combiner': [ '0.0.4' ],
17 silly audit   'stream-events': [ '1.0.5' ],
17 silly audit   'stream-shift': [ '1.0.3' ],
17 silly audit   string_decoder: [ '1.3.0' ],
17 silly audit   'string-template': [ '0.2.1' ],
17 silly audit   strnum: [ '1.1.2' ],
17 silly audit   stubs: [ '3.0.0' ],
17 silly audit   'styled-jsx': [ '5.1.6' ],
17 silly audit   sucrase: [ '3.35.0' ],
17 silly audit   'supports-color': [ '7.2.0' ],
17 silly audit   'supports-preserve-symlinks-flag': [ '1.0.0' ],
17 silly audit   'tailwind-merge': [ '3.0.1' ],
17 silly audit   tailwindcss: [ '3.4.17' ],
17 silly audit   'tailwindcss-animate': [ '1.0.7' ],
17 silly audit   tar: [ '7.5.22' ],
17 silly audit   yallist: [ '5.0.0', '4.0.0' ],
17 silly audit   terminate: [ '2.8.0' ],
17 silly audit   'text-hex': [ '1.0.0' ],
17 silly audit   thenify: [ '3.3.1' ],
17 silly audit   'thenify-all': [ '1.6.0' ],
17 silly audit   thriftrw: [ '3.11.4' ],
17 silly audit   through: [ '2.3.8' ],
17 silly audit   through2: [ '4.0.2' ],
17 silly audit   'tiny-invariant': [ '1.3.3' ],
17 silly audit   tmp: [ '0.0.33' ],
17 silly audit   'to-regex-range': [ '5.0.1' ],
17 silly audit   toidentifier: [ '1.0.1' ],
17 silly audit   tr46: [ '0.0.3' ],
17 silly audit   'tree-kill': [ '1.2.2' ],
17 silly audit   'triple-beam': [ '1.4.1' ],
17 silly audit   'ts-interface-checker': [ '0.1.13' ],
17 silly audit   tslib: [ '2.8.1' ],
17 silly audit   tsx: [ '4.21.0' ],
17 silly audit   'typedarray-to-buffer': [ '3.1.5' ],
17 silly audit   typescript: [ '5.7.3' ],
17 silly audit   'uglify-js': [ '3.19.3' ],
17 silly audit   'unique-string': [ '2.0.0' ],
17 silly audit   universalify: [ '2.0.1' ],
17 silly audit   unpipe: [ '1.0.0' ],
17 silly audit   untildify: [ '4.0.0' ],
17 silly audit   'uri-js': [ '4.4.1' ],
17 silly audit   'uri-templates': [ '0.2.0' ],
17 silly audit   'url-template': [ '2.0.8' ],
17 silly audit   'use-callback-ref': [ '1.3.3' ],
17 silly audit   'use-sidecar': [ '1.1.3' ],
17 silly audit   'util-deprecate': [ '1.0.2' ],
17 silly audit   'utils-merge': [ '1.0.1' ],
17 silly audit   vary: [ '1.1.2' ],
17 silly audit   'victory-vendor': [ '36.9.2' ],
17 silly audit   wcwidth: [ '1.0.1' ],
17 silly audit   'web-streams-polyfill': [ '3.3.3' ],
17 silly audit   'web-vitals': [ '4.2.4' ],
17 silly audit   'webidl-conversions': [ '3.0.1' ],
17 silly audit   'websocket-driver': [ '0.7.4' ],
17 silly audit   'websocket-extensions': [ '0.1.4' ],
17 silly audit   'whatwg-url': [ '5.0.0' ],
17 silly audit   which: [ '2.0.2' ],
17 silly audit   winston: [ '3.19.0' ],
17 silly audit   'winston-transport': [ '4.9.0' ],
17 silly audit   wordwrap: [ '1.0.0' ],
17 silly audit   wrappy: [ '1.0.2' ],
17 silly audit   'write-file-atomic': [ '3.0.3' ],
17 silly audit   xcode: [ '3.0.1' ],
17 silly audit   'xdg-basedir': [ '4.0.0' ],
17 silly audit   xml2js: [ '0.6.2' ],
17 silly audit   xmlbuilder: [ '11.0.1', '15.1.1' ],
17 silly audit   xorshift: [ '1.2.0' ],
17 silly audit   xtend: [ '4.0.2' ],
17 silly audit   y18n: [ '5.0.8' ],
17 silly audit   yaml: [ '2.8.0' ],
17 silly audit   yargs: [ '17.7.2' ],
17 silly audit   'yargs-parser': [ '21.1.1' ],
17 silly audit   yauzl: [ '2.10.0' ],
17 silly audit   'yocto-queue': [ '0.1.0' ],
17 silly audit   'yoctocolors-cjs': [ '2.1.3' ],
17 silly audit   zod: [ '3.24.2' ],
17 silly audit   'zod-to-json-schema': [ '3.24.6' ]
17 silly audit }
18 http fetch POST 200 https://registry.npmjs.org/-/npm/v1/security/advisories/bulk 2487ms
19 silly audit report {
19 silly audit report   'brace-expansion': [
19 silly audit report     {
19 silly audit report       id: 1105443,
19 silly audit report       url: 'https://github.com/advisories/GHSA-v6h2-p8h4-qcjw',
19 silly audit report       title: 'brace-expansion Regular Expression Denial of Service vulnerability',
19 silly audit report       severity: 'low',
19 silly audit report       vulnerable_versions: '>=1.0.0 <=1.1.11',
19 silly audit report       cwe: [Array],
19 silly audit report       cvss: [Object]
19 silly audit report     },
19 silly audit report     {
19 silly audit report       id: 1105444,
19 silly audit report       url: 'https://github.com/advisories/GHSA-v6h2-p8h4-qcjw',
19 silly audit report       title: 'brace-expansion Regular Expression Denial of Service vulnerability',
19 silly audit report       severity: 'low',
19 silly audit report       vulnerable_versions: '>=2.0.0 <=2.0.1',
19 silly audit report       cwe: [Array],
19 silly audit report       cvss: [Object]
19 silly audit report     },
19 silly audit report     {
19 silly audit report       id: 1130588,
19 silly audit report       url: 'https://github.com/advisories/GHSA-mh99-v99m-4gvg',
19 silly audit report       title: 'brace-expansion: DoS via unbounded expansion length causing an out-of-memory process crash',
19 silly audit report       severity: 'high',
19 silly audit report       vulnerable_versions: '<1.1.17',
19 silly audit report       cwe: [Array],
19 silly audit report       cvss: [Object]
19 silly audit report     },
19 silly audit report     {
19 silly audit report       id: 1130589,
19 silly audit report       url: 'https://github.com/advisories/GHSA-mh99-v99m-4gvg',
19 silly audit report       title: 'brace-expansion: DoS via unbounded expansion length causing an out-of-memory process crash',
19 silly audit report       severity: 'high',
19 silly audit report       vulnerable_versions: '>=2.0.0 <2.1.3',
19 silly audit report       cwe: [Array],
19 silly audit report       cvss: [Object]
19 silly audit report     },
19 silly audit report     {
19 silly audit report       id: 1130734,
19 silly audit report       url: 'https://github.com/advisories/GHSA-rgw5-rvv9-x895',
19 silly audit report       title: 'brace-expansion: DoS via unbounded intermediate arrays, bypassing the CVE-2026-14257 mitigation',
19 silly audit report       severity: 'high',
19 silly audit report       vulnerable_versions: '>=4.0.0 <5.0.9',
19 silly audit report       cwe: [Array],
19 silly audit report       cvss: [Object]
19 silly audit report     },
19 silly audit report     {
19 silly audit report       id: 1130736,
19 silly audit report       url: 'https://github.com/advisories/GHSA-rgw5-rvv9-x895',
19 silly audit report       title: 'brace-expansion: DoS via unbounded intermediate arrays, bypassing the CVE-2026-14257 mitigation',
19 silly audit report       severity: 'high',
19 silly audit report       vulnerable_versions: '>=2.0.0 <2.1.4',
19 silly audit report       cwe: [Array],
19 silly audit report       cvss: [Object]
19 silly audit report     },
19 silly audit report     {
19 silly audit report       id: 1130737,
19 silly audit report       url: 'https://github.com/advisories/GHSA-rgw5-rvv9-x895',
19 silly audit report       title: 'brace-expansion: DoS via unbounded intermediate arrays, bypassing the CVE-2026-14257 mitigation',
19 silly audit report       severity: 'high',
19 silly audit report       vulnerable_versions: '<1.1.18',
19 silly audit report       cwe: [Array],
19 silly audit report       cvss: [Object]
19 silly audit report     },
19 silly audit report     {
19 silly audit report       id: 1115540,
19 silly audit report       url: 'https://github.com/advisories/GHSA-f886-m6hf-6m8v',
19 silly audit report       title: 'brace-expansion: Zero-step sequence causes process hang and memory exhaustion',
19 silly audit report       severity: 'moderate',
19 silly audit report       vulnerable_versions: '<1.1.13',
19 silly audit report       cwe: [Array],
19 silly audit report       cvss: [Object]
19 silly audit report     },
19 silly audit report     {
19 silly audit report       id: 1115541,
19 silly audit report       url: 'https://github.com/advisories/GHSA-f886-m6hf-6m8v',
19 silly audit report       title: 'brace-expansion: Zero-step sequence causes process hang and memory exhaustion',
19 silly audit report       severity: 'moderate',
19 silly audit report       vulnerable_versions: '>=2.0.0 <2.0.3',
19 silly audit report       cwe: [Array],
19 silly audit report       cvss: [Object]
19 silly audit report     },
19 silly audit report     {
19 silly audit report       id: 1123896,
19 silly audit report       url: 'https://github.com/advisories/GHSA-3jxr-9vmj-r5cp',
19 silly audit report       title: 'brace-expansion: DoS via exponential-time expansion of consecutive non-expanding {} groups',
19 silly audit report       severity: 'high',
19 silly audit report       vulnerable_versions: '>=2.0.0 <2.1.2',
19 silly audit report       cwe: [Array],
19 silly audit report       cvss: [Object]
19 silly audit report     },
19 silly audit report     {
19 silly audit report       id: 1123897,
19 silly audit report       url: 'https://github.com/advisories/GHSA-3jxr-9vmj-r5cp',
19 silly audit report       title: 'brace-expansion: DoS via exponential-time expansion of consecutive non-expanding {} groups',
19 silly audit report       severity: 'high',
19 silly audit report       vulnerable_versions: '<1.1.16',
19 silly audit report       cwe: [Array],
19 silly audit report       cvss: [Object]
19 silly audit report     }
19 silly audit report   ],
19 silly audit report   glob: [
19 silly audit report     {
19 silly audit report       id: 1109842,
19 silly audit report       url: 'https://github.com/advisories/GHSA-5j98-mcp5-4vw2',
19 silly audit report       title: 'glob CLI: Command injection via -c/--cmd executes matches with shell:true',
19 silly audit report       severity: 'high',
19 silly audit report       vulnerable_versions: '>=10.2.0 <10.5.0',
19 silly audit report       cwe: [Array],
19 silly audit report       cvss: [Object]
19 silly audit report     }
19 silly audit report   ],
19 silly audit report   minimatch: [
19 silly audit report     {
19 silly audit report       id: 1113459,
19 silly audit report       url: 'https://github.com/advisories/GHSA-3ppc-4f35-3m26',
19 silly audit report       title: 'minimatch has a ReDoS via repeated wildcards with non-matching literal in pattern',
19 silly audit report       severity: 'high',
19 silly audit report       vulnerable_versions: '<3.1.3',
19 silly audit report       cwe: [Array],
19 silly audit report       cvss: [Object]
19 silly audit report     },
19 silly audit report     {
19 silly audit report       id: 1113465,
19 silly audit report       url: 'https://github.com/advisories/GHSA-3ppc-4f35-3m26',
19 silly audit report       title: 'minimatch has a ReDoS via repeated wildcards with non-matching literal in pattern',
19 silly audit report       severity: 'high',
19 silly audit report       vulnerable_versions: '>=9.0.0 <9.0.6',
19 silly audit report       cwe: [Array],
19 silly audit report       cvss: [Object]
19 silly audit report     },
19 silly audit report     {
19 silly audit report       id: 1113538,
19 silly audit report       url: 'https://github.com/advisories/GHSA-7r86-cg39-jmmj',
19 silly audit report       title: 'minimatch has ReDoS: matchOne() combinatorial backtracking via multiple non-adjacent GLOBSTAR segments',
19 silly audit report       severity: 'high',
19 silly audit report       vulnerable_versions: '<3.1.3',
19 silly audit report       cwe: [Array],
19 silly audit report       cvss: [Object]
19 silly audit report     },
19 silly audit report     {
19 silly audit report       id: 1113544,
19 silly audit report       url: 'https://github.com/advisories/GHSA-7r86-cg39-jmmj',
19 silly audit report       title: 'minimatch has ReDoS: matchOne() combinatorial backtracking via multiple non-adjacent GLOBSTAR segments',
19 silly audit report       severity: 'high',
19 silly audit report       vulnerable_versions: '>=9.0.0 <9.0.7',
19 silly audit report       cwe: [Array],
19 silly audit report       cvss: [Object]
19 silly audit report     },
19 silly audit report     {
19 silly audit report       id: 1113546,
19 silly audit report       url: 'https://github.com/advisories/GHSA-23c5-xmqv-rm74',
19 silly audit report       title: 'minimatch ReDoS: nested *() extglobs generate catastrophically backtracking regular expressions',
19 silly audit report       severity: 'high',
19 silly audit report       vulnerable_versions: '<3.1.4',
19 silly audit report       cwe: [Array],
19 silly audit report       cvss: [Object]
19 silly audit report     },
19 silly audit report     {
19 silly audit report       id: 1113552,
19 silly audit report       url: 'https://github.com/advisories/GHSA-23c5-xmqv-rm74',
19 silly audit report       title: 'minimatch ReDoS: nested *() extglobs generate catastrophically backtracking regular expressions',
19 silly audit report       severity: 'high',
19 silly audit report       vulnerable_versions: '>=9.0.0 <9.0.7',
19 silly audit report       cwe: [Array],
19 silly audit report       cvss: [Object]
19 silly audit report     }
19 silly audit report   ],
19 silly audit report   '@grpc/grpc-js': [
19 silly audit report     {
19 silly audit report       id: 1120582,
19 silly audit report       url: 'https://github.com/advisories/GHSA-5375-pq7m-f5r2',
19 silly audit report       title: '@grpc/grpc-js: A malformed request can cause a server crash',
19 silly audit report       severity: 'high',
19 silly audit report       vulnerable_versions: '>=1.14.0 <1.14.4',
19 silly audit report       cwe: [Array],
19 silly audit report       cvss: [Object]
19 silly audit report     },
19 silly audit report     {
19 silly audit report       id: 1120587,
19 silly audit report       url: 'https://github.com/advisories/GHSA-5375-pq7m-f5r2',
19 silly audit report       title: '@grpc/grpc-js: A malformed request can cause a server crash',
19 silly audit report       severity: 'high',
19 silly audit report       vulnerable_versions: '<1.9.16',
19 silly audit report       cwe: [Array],
19 silly audit report       cvss: [Object]
19 silly audit report     },
19 silly audit report     {
19 silly audit report       id: 1120588,
19 silly audit report       url: 'https://github.com/advisories/GHSA-99f4-grh7-6pcq',
19 silly audit report       title: '@grpc/grpc-js: An incoming malformed compressed message can cause a client or server crash',
19 silly audit report       severity: 'high',
19 silly audit report       vulnerable_versions: '>=1.14.0 <1.14.4',
19 silly audit report       cwe: [Array],
19 silly audit report       cvss: [Object]
19 silly audit report     },
19 silly audit report     {
19 silly audit report       id: 1120593,
19 silly audit report       url: 'https://github.com/advisories/GHSA-99f4-grh7-6pcq',
19 silly audit report       title: '@grpc/grpc-js: An incoming malformed compressed message can cause a client or server crash',
19 silly audit report       severity: 'high',
19 silly audit report       vulnerable_versions: '<1.9.16',
19 silly audit report       cwe: [Array],
19 silly audit report       cvss: [Object]
19 silly audit report     }
19 silly audit report   ],
19 silly audit report   uuid: [
19 silly audit report     {
19 silly audit report       id: 1119441,
19 silly audit report       url: 'https://github.com/advisories/GHSA-w5hq-g745-h8pq',
19 silly audit report       title: 'uuid: Missing buffer bounds check in v3/v5/v6 when buf is provided',
19 silly audit report       severity: 'moderate',
19 silly audit report       vulnerable_versions: '<11.1.1',
19 silly audit report       cwe: [Array],
19 silly audit report       cvss: [Object]
19 silly audit report     }
19 silly audit report   ],
19 silly audit report   '@modelcontextprotocol/sdk': [
19 silly audit report     {
19 silly audit report       id: 1113080,
19 silly audit report       url: 'https://github.com/advisories/GHSA-345p-7cg4-v4c7',
19 silly audit report       title: '@modelcontextprotocol/sdk has cross-client data leak via shared server/transport instance reuse',
19 silly audit report       severity: 'high',
19 silly audit report       vulnerable_versions: '>=1.10.0 <=1.25.3',
19 silly audit report       cwe: [Array],
19 silly audit report       cvss: [Object]
19 silly audit report     },
19 silly audit report     {
19 silly audit report       id: 1113213,
19 silly audit report       url: 'https://github.com/advisories/GHSA-w48q-cv73-mx4w',
19 silly audit report       title: 'Model Context Protocol (MCP) TypeScript SDK does not enable DNS rebinding protection by default',
19 silly audit report       severity: 'high',
19 silly audit report       vulnerable_versions: '<1.24.0',
19 silly audit report       cwe: [Array],
19 silly audit report       cvss: [Object]
19 silly audit report     },
19 silly audit report     {
19 silly audit report       id: 1123467,
19 silly audit report       url: 'https://github.com/advisories/GHSA-8r9q-7v3j-jr4g',
19 silly audit report       title: "Anthropic's MCP TypeScript SDK has a ReDoS vulnerability",
19 silly audit report       severity: 'high',
19 silly audit report       vulnerable_versions: '>=1.3.0 <1.25.2',
19 silly audit report       cwe: [Array],
19 silly audit report       cvss: [Object]
19 silly audit report     }
19 silly audit report   ],
19 silly audit report   ajv: [
19 silly audit report     {
19 silly audit report       id: 1113714,
19 silly audit report       url: 'https://github.com/advisories/GHSA-2g4f-4pwh-qvx6',
19 silly audit report       title: 'ajv has ReDoS when using `$data` option',
19 silly audit report       severity: 'moderate',
19 silly audit report       vulnerable_versions: '<6.14.0',
19 silly audit report       cwe: [Array],
19 silly audit report       cvss: [Object]
19 silly audit report     },
19 silly audit report     {
19 silly audit report       id: 1113715,
19 silly audit report       url: 'https://github.com/advisories/GHSA-2g4f-4pwh-qvx6',
19 silly audit report       title: 'ajv has ReDoS when using `$data` option',
19 silly audit report       severity: 'moderate',
19 silly audit report       vulnerable_versions: '>=7.0.0-alpha.0 <8.18.0',
19 silly audit report       cwe: [Array],
19 silly audit report       cvss: [Object]
19 silly audit report     }
19 silly audit report   ],
19 silly audit report   'body-parser': [
19 silly audit report     {
19 silly audit report       id: 1110858,
19 silly audit report       url: 'https://github.com/advisories/GHSA-wqch-xfxh-vrr4',
19 silly audit report       title: 'body-parser is vulnerable to denial of service when url encoding is used',
19 silly audit report       severity: 'moderate',
19 silly audit report       vulnerable_versions: '>=2.2.0 <2.2.1',
19 silly audit report       cwe: [Array],
19 silly audit report       cvss: [Object]
19 silly audit report     },
19 silly audit report     {
19 silly audit report       id: 1123976,
19 silly audit report       url: 'https://github.com/advisories/GHSA-v422-hmwv-36x6',
19 silly audit report       title: 'body-parser vulnerable to denial of service when invalid limit value silently disables size enforcement',
19 silly audit report       severity: 'low',
19 silly audit report       vulnerable_versions: '>=2.0.0 <2.3.0',
19 silly audit report       cwe: [Array],
19 silly audit report       cvss: [Object]
19 silly audit report     },
19 silly audit report     {
19 silly audit report       id: 1123977,
19 silly audit report       url: 'https://github.com/advisories/GHSA-v422-hmwv-36x6',
19 silly audit report       title: 'body-parser vulnerable to denial of service when invalid limit value silently disables size enforcement',
19 silly audit report       severity: 'low',
19 silly audit report       vulnerable_versions: '<1.20.6',
19 silly audit report       cwe: [Array],
19 silly audit report       cvss: [Object]
19 silly audit report     }
19 silly audit report   ],
19 silly audit report   qs: [
19 silly audit report     {
19 silly audit report       id: 1119502,
19 silly audit report       url: 'https://github.com/advisories/GHSA-q8mj-m7cp-5q26',
19 silly audit report       title: 'qs has a remotely triggerable DoS: qs.stringify crashes with TypeError on null/undefined entries in comma-format arrays when encodeValuesOnly is set',
19 silly audit report       severity: 'moderate',
19 silly audit report       vulnerable_versions: '>=6.11.1 <=6.15.1',
19 silly audit report       cwe: [Array],
19 silly audit report       cvss: [Object]
19 silly audit report     },
19 silly audit report     {
19 silly audit report       id: 1113161,
19 silly audit report       url: 'https://github.com/advisories/GHSA-w7fw-mjwx-w883',
19 silly audit report       title: "qs's arrayLimit bypass in comma parsing allows denial of service",
19 silly audit report       severity: 'low',
19 silly audit report       vulnerable_versions: '>=6.7.0 <=6.14.1',
19 silly audit report       cwe: [Array],
19 silly audit report       cvss: [Object]
19 silly audit report     },
19 silly audit report     {
19 silly audit report       id: 1113719,
19 silly audit report       url: 'https://github.com/advisories/GHSA-6rw7-vpxm-498p',
19 silly audit report       title: "qs's arrayLimit bypass in its bracket notation allows DoS via memory exhaustion",
19 silly audit report       severity: 'moderate',
19 silly audit report       vulnerable_versions: '<6.14.1',
19 silly audit report       cwe: [Array],
19 silly audit report       cvss: [Object]
19 silly audit report     }
19 silly audit report   ],
19 silly audit report   '@opentelemetry/auto-instrumentations-node': [
19 silly audit report     {
19 silly audit report       id: 1120251,
19 silly audit report       url: 'https://github.com/advisories/GHSA-q7rr-3cgh-j5r3',
19 silly audit report       title: 'Prometheus exporter process crash via malformed HTTP request',
19 silly audit report       severity: 'high',
19 silly audit report       vulnerable_versions: '<0.75.0',
19 silly audit report       cwe: [Array],
19 silly audit report       cvss: [Object]
19 silly audit report     }
19 silly audit report   ],
19 silly audit report   '@opentelemetry/core': [
19 silly audit report     {
19 silly audit report       id: 1120821,
19 silly audit report       url: 'https://github.com/advisories/GHSA-8988-4f7v-96qf',
19 silly audit report       title: 'OpenTelemetry Core: Unbounded memory allocation in W3C Baggage propagation',
19 silly audit report       severity: 'moderate',
19 silly audit report       vulnerable_versions: '<2.8.0',
19 silly audit report       cwe: [Array],
19 silly audit report       cvss: [Object]
19 silly audit report     }
19 silly audit report   ],
19 silly audit report   '@opentelemetry/propagator-jaeger': [
19 silly audit report     {
19 silly audit report       id: 1124011,
19 silly audit report       url: 'https://github.com/advisories/GHSA-45rx-2jwx-cxfr',
19 silly audit report       title: 'OpenTelemetry JavaScript: Denial of service in `JaegerPropagator` via unhandled exception on a malformed header',
19 silly audit report       severity: 'high',
19 silly audit report       vulnerable_versions: '<2.9.0',
19 silly audit report       cwe: [Array],
19 silly audit report       cvss: [Object]
19 silly audit report     }
19 silly audit report   ],
19 silly audit report   '@opentelemetry/sdk-node': [
19 silly audit report     {
19 silly audit report       id: 1120252,
19 silly audit report       url: 'https://github.com/advisories/GHSA-q7rr-3cgh-j5r3',
19 silly audit report       title: 'Prometheus exporter process crash via malformed HTTP request',
19 silly audit report       severity: 'high',
19 silly audit report       vulnerable_versions: '<0.217.0',
19 silly audit report       cwe: [Array],
19 silly audit report       cvss: [Object]
19 silly audit report     }
19 silly audit report   ],
19 silly audit report   '@protobufjs/utf8': [
19 silly audit report     {
19 silly audit report       id: 1118933,
19 silly audit report       url: 'https://github.com/advisories/GHSA-q6x5-8v7m-xcrf',
19 silly audit report       title: 'protobufjs has overlong UTF-8 decoding',
19 silly audit report       severity: 'moderate',
19 silly audit report       vulnerable_versions: '<=1.1.0',
19 silly audit report       cwe: [Array],
19 silly audit report       cvss: [Object]
19 silly audit report     }
19 silly audit report   ],
19 silly audit report   '@tootallnate/once': [
19 silly audit report     {
19 silly audit report       id: 1119438,
19 silly audit report       url: 'https://github.com/advisories/GHSA-vpq2-c234-7xj6',
19 silly audit report       title: '@tootallnate/once vulnerable to Incorrect Control Flow Scoping',
19 silly audit report       severity: 'low',
19 silly audit report       vulnerable_versions: '<2.0.1',
19 silly audit report       cwe: [Array],
19 silly audit report       cvss: [Object]
19 silly audit report     }
19 silly audit report   ],
19 silly audit report   'form-data': [
19 silly audit report     {
19 silly audit report       id: 1120743,
19 silly audit report       url: 'https://github.com/advisories/GHSA-hmw2-7cc7-3qxx',
19 silly audit report       title: 'form-data: CRLF injection in form-data via unescaped multipart field names and filenames',
19 silly audit report       severity: 'high',
19 silly audit report       vulnerable_versions: '>=4.0.0 <4.0.6',
19 silly audit report       cwe: [Array],
19 silly audit report       cvss: [Object]
19 silly audit report     },
19 silly audit report     {
19 silly audit report       id: 1120745,
19 silly audit report       url: 'https://github.com/advisories/GHSA-hmw2-7cc7-3qxx',
19 silly audit report       title: 'form-data: CRLF injection in form-data via unescaped multipart field names and filenames',
19 silly audit report       severity: 'high',
19 silly audit report       vulnerable_versions: '<2.5.6',
19 silly audit report       cwe: [Array],
19 silly audit report       cvss: [Object]
19 silly audit report     }
19 silly audit report   ],
19 silly audit report   'adm-zip': [
19 silly audit report     {
19 silly audit report       id: 1123686,
19 silly audit report       url: 'https://github.com/advisories/GHSA-xcpc-8h2w-3j85',
19 silly audit report       title: 'adm-zip: Crafted ZIP file triggers 4GB memory allocation',
19 silly audit report       severity: 'high',
19 silly audit report       vulnerable_versions: '<0.6.0',
19 silly audit report       cwe: [Array],
19 silly audit report       cvss: [Object]
19 silly audit report     }
19 silly audit report   ],
19 silly audit report   axios: [
19 silly audit report     {
19 silly audit report       id: 1118607,
19 silly audit report       url: 'https://github.com/advisories/GHSA-q8qp-cvcw-x6jj',
19 silly audit report       title: 'Axios has prototype pollution read-side gadgets in HTTP adapter that allow credential injection and request hijacking',
19 silly audit report       severity: 'high',
19 silly audit report       vulnerable_versions: '>=1.0.0 <1.15.2',
19 silly audit report       cwe: [Array],
19 silly audit report       cvss: [Object]
19 silly audit report     },
19 silly audit report     {
19 silly audit report       id: 1119404,
19 silly audit report       url: 'https://github.com/advisories/GHSA-fvcv-3m26-pcqx',
19 silly audit report       title: 'Axios has Unrestricted Cloud Metadata Exfiltration via Header Injection Chain',
19 silly audit report       severity: 'moderate',
19 silly audit report       vulnerable_versions: '>=1.0.0 <1.15.0',
19 silly audit report       cwe: [Array],
19 silly audit report       cvss: [Object]
19 silly audit report     },
19 silly audit report     {
19 silly audit report       id: 1120125,
19 silly audit report       url: 'https://github.com/advisories/GHSA-62hf-57xw-28j9',
19 silly audit report       title: 'Axios: unbounded recursion in toFormData causes DoS via deeply nested request data',
19 silly audit report       severity: 'moderate',
19 silly audit report       vulnerable_versions: '>=1.0.0 <1.15.1',
19 silly audit report       cwe: [Array],
19 silly audit report       cvss: [Object]
19 silly audit report     },
19 silly audit report     {
19 silly audit report       id: 1120547,
19 silly audit report       url: 'https://github.com/advisories/GHSA-hfxv-24rg-xrqf',
19 silly audit report       title: 'Axios: Regular Expression Denial of Service (ReDoS) via Cookie Name Injection',
19 silly audit report       severity: 'high',
19 silly audit report       vulnerable_versions: '>=1.0.0 <1.16.0',
19 silly audit report       cwe: [Array],
19 silly audit report       cvss: [Object]
19 silly audit report     },
19 silly audit report     {
19 silly audit report       id: 1120643,
19 silly audit report       url: 'https://github.com/advisories/GHSA-777c-7fjr-54vf',
19 silly audit report       title: 'Allocation of Resources Without Limits or Throttling in Axios',
19 silly audit report       severity: 'high',
19 silly audit report       vulnerable_versions: '>=1.7.0 <1.16.0',
19 silly audit report       cwe: [Array],
19 silly audit report       cvss: [Object]
19 silly audit report     },
19 silly audit report     {
19 silly audit report       id: 1120645,
19 silly audit report       url: 'https://github.com/advisories/GHSA-p92q-9vqr-4j8v',
19 silly audit report       title: 'Axios: Proxy-Authorization Credential Leak to Origin Server Across HTTP-to-HTTPS Redirect in Axios Node.js HTTP Adapter',
19 silly audit report       severity: 'high',
19 silly audit report       vulnerable_versions: '>=1.0.0 <1.16.0',
19 silly audit report       cwe: [Array],
19 silly audit report       cvss: [Object]
19 silly audit report     },
19 silly audit report     {
19 silly audit report       id: 1120647,
19 silly audit report       url: 'https://github.com/advisories/GHSA-j5f8-grm9-p9fc',
19 silly audit report       title: 'Axios: Proxy-Authorization header leaks to redirect target when proxy is re-evaluated to direct connection',
19 silly audit report       severity: 'high',
19 silly audit report       vulnerable_versions: '>=1.0.0 <1.16.0',
19 silly audit report       cwe: [Array],
19 silly audit report       cvss: [Object]
19 silly audit report     },
19 silly audit report     {
19 silly audit report       id: 1120649,
19 silly audit report       url: 'https://github.com/advisories/GHSA-3g43-6gmg-66jw',
19 silly audit report       title: 'axios Vulnerable to Credential Theft and Response Hijacking via Prototype Pollution Gadget in Config Merge',
19 silly audit report       severity: 'high',
19 silly audit report       vulnerable_versions: '>=1.0.0 <1.15.2',
19 silly audit report       cwe: [Array],
19 silly audit report       cvss: [Object]
19 silly audit report     },
19 silly audit report     {
19 silly audit report       id: 1120650,
19 silly audit report       url: 'https://github.com/advisories/GHSA-35jp-ww65-95wh',
19 silly audit report       title: 'axios Vulnerable to Full Man-in-the-Middle via Prototype Pollution Gadget in `config.proxy`',
19 silly audit report       severity: 'high',
19 silly audit report       vulnerable_versions: '>=1.0.0 <1.16.0',
19 silly audit report       cwe: [Array],
19 silly audit report       cvss: [Object]
19 silly audit report     },
19 silly audit report     {
19 silly audit report       id: 1120652,
19 silly audit report       url: 'https://github.com/advisories/GHSA-898c-q2cr-xwhg',
19 silly audit report       title: 'axios has DoS & Header Injection via Prototype Pollution Read-Side Gadgets in axios merge functions',
19 silly audit report       severity: 'moderate',
19 silly audit report       vulnerable_versions: '>=1.0.0 <1.16.0',
19 silly audit report       cwe: [Array],
19 silly audit report       cvss: [Object]
19 silly audit report     },
19 silly audit report     {
19 silly audit report       id: 1116673,
19 silly audit report       url: 'https://github.com/advisories/GHSA-3p68-rc4w-qgx5',
19 silly audit report       title: 'Axios has a NO_PROXY Hostname Normalization Bypass that Leads to SSRF',
19 silly audit report       severity: 'moderate',
19 silly audit report       vulnerable_versions: '>=1.0.0 <1.15.0',
19 silly audit report       cwe: [Array],
19 silly audit report       cvss: [Object]
19 silly audit report     },
19 silly audit report     {
19 silly audit report       id: 1117574,
19 silly audit report       url: 'https://github.com/advisories/GHSA-w9j2-pvgh-6h63',
19 silly audit report       title: 'Axios: Authentication Bypass via Prototype Pollution Gadget in `validateStatus` Merge Strategy',
19 silly audit report       severity: 'moderate',
19 silly audit report       vulnerable_versions: '>=1.0.0 <1.15.1',
19 silly audit report       cwe: [Array],
19 silly audit report       cvss: [Object]
19 silly audit report     },
19 silly audit report     {
19 silly audit report       id: 1117576,
19 silly audit report       url: 'https://github.com/advisories/GHSA-pmwg-cvhr-8vh7',
19 silly audit report       title: 'Axios: Incomplete Fix for CVE-2025-62718 — NO_PROXY Protection Bypassed via RFC 1122 Loopback Subnet (127.0.0.0/8) in Axios 1.15.0',
19 silly audit report       severity: 'high',
19 silly audit report       vulnerable_versions: '>=1.0.0 <1.15.1',
19 silly audit report       cwe: [Array],
19 silly audit report       cvss: [Object]
19 silly audit report     },
19 silly audit report     {
19 silly audit report       id: 1117577,
19 silly audit report       url: 'https://github.com/advisories/GHSA-3w6x-2g7m-8v23',
19 silly audit report       title: 'Axios: Invisible JSON Response Tampering via Prototype Pollution Gadget in `parseReviver`',
19 silly audit report       severity: 'moderate',
19 silly audit report       vulnerable_versions: '>=1.0.0 <1.15.2',
19 silly audit report       cwe: [Array],
19 silly audit report       cvss: [Object]
19 silly audit report     },
19 silly audit report     {
19 silly audit report       id: 1117580,
19 silly audit report       url: 'https://github.com/advisories/GHSA-xhjh-pmcv-23jw',
19 silly audit report       title: 'Axios: Null Byte Injection via Reverse-Encoding in AxiosURLSearchParams',
19 silly audit report       severity: 'low',
19 silly audit report       vulnerable_versions: '>=1.0.0 <1.15.1',
19 silly audit report       cwe: [Array],
19 silly audit report       cvss: [Object]
19 silly audit report     },
19 silly audit report     {
19 silly audit report       id: 1117581,
19 silly audit report       url: 'https://github.com/advisories/GHSA-445q-vr5w-6q77',
19 silly audit report       title: 'Axios: CRLF Injection in multipart/form-data body via unsanitized blob.type in formDataToStream',
19 silly audit report       severity: 'moderate',
19 silly audit report       vulnerable_versions: '>=1.0.0 <1.15.1',
19 silly audit report       cwe: [Array],
19 silly audit report       cvss: [Object]
19 silly audit report     },
19 silly audit report     {
19 silly audit report       id: 1117583,
19 silly audit report       url: 'https://github.com/advisories/GHSA-m7pr-hjqh-92cm',
19 silly audit report       title: 'Axios: no_proxy bypass via IP alias allows SSRF',
19 silly audit report       severity: 'moderate',
19 silly audit report       vulnerable_versions: '>=1.0.0 <1.15.1',
19 silly audit report       cwe: [Array],
19 silly audit report       cvss: [Object]
19 silly audit report     },
19 silly audit report     {
19 silly audit report       id: 1117587,
19 silly audit report       url: 'https://github.com/advisories/GHSA-5c9x-8gcm-mpgx',
19 silly audit report       title: "Axios' HTTP adapter-streamed uploads bypass maxBodyLength when maxRedirects: 0",
19 silly audit report       severity: 'moderate',
19 silly audit report       vulnerable_versions: '>=1.0.0 <1.15.1',
19 silly audit report       cwe: [Array],
19 silly audit report       cvss: [Object]
19 silly audit report     },
19 silly audit report     {
19 silly audit report       id: 1117589,
19 silly audit report       url: 'https://github.com/advisories/GHSA-vf2m-468p-8v99',
19 silly audit report       title: 'Axios: HTTP adapter streamed responses bypass maxContentLength',
19 silly audit report       severity: 'moderate',
19 silly audit report       vulnerable_versions: '>=1.0.0 <1.15.1',
19 silly audit report       cwe: [Array],
19 silly audit report       cvss: [Object]
19 silly audit report     },
19 silly audit report     {
19 silly audit report       id: 1117591,
19 silly audit report       url: 'https://github.com/advisories/GHSA-pf86-5x62-jrwf',
19 silly audit report       title: 'Axios: Prototype Pollution Gadgets - Response Tampering, Data Exfiltration, and Request Hijacking',
19 silly audit report       severity: 'high',
19 silly audit report       vulnerable_versions: '>=1.0.0 <1.15.1',
19 silly audit report       cwe: [Array],
19 silly audit report       cvss: [Object]
19 silly audit report     },
19 silly audit report     {
19 silly audit report       id: 1117593,
19 silly audit report       url: 'https://github.com/advisories/GHSA-6chq-wfr3-2hj9',
19 silly audit report       title: 'Axios: Header Injection via Prototype Pollution',
19 silly audit report       severity: 'high',
19 silly audit report       vulnerable_versions: '>=1.0.0 <1.15.1',
19 silly audit report       cwe: [Array],
19 silly audit report       cvss: [Object]
19 silly audit report     },
19 silly audit report     {
19 silly audit report       id: 1117595,
19 silly audit report       url: 'https://github.com/advisories/GHSA-xx6v-rp6x-q39c',
19 silly audit report       title: 'Axios: XSRF Token Cross-Origin Leakage via Prototype Pollution Gadget in `withXSRFToken` Boolean Coercion',
19 silly audit report       severity: 'moderate',
19 silly audit report       vulnerable_versions: '>=1.0.0 <1.15.1',
19 silly audit report       cwe: [Array],
19 silly audit report       cvss: [Object]
19 silly audit report     },
19 silly audit report     {
19 silly audit report       id: 1123882,
19 silly audit report       url: 'https://github.com/advisories/GHSA-42h9-826w-cgv3',
19 silly audit report       title: 'Axios: Excessive recursion in formDataToJSON can cause denial of service',
19 silly audit report       severity: 'moderate',
19 silly audit report       vulnerable_versions: '>=1.0.0 <1.18.0',
19 silly audit report       cwe: [Array],
19 silly audit report       cvss: [Object]
19 silly audit report     },
19 silly audit report     {
19 silly audit report       id: 1123885,
19 silly audit report       url: 'https://github.com/advisories/GHSA-pmv8-rq9r-6j72',
19 silly audit report       title: 'Axios: Deep formToJSON Key Recursion Can Cause Denial of Service',
19 silly audit report       severity: 'moderate',
19 silly audit report       vulnerable_versions: '>=1.0.0 <1.18.0',
19 silly audit report       cwe: [Array],
19 silly audit report       cvss: [Object]
19 silly audit report     },
19 silly audit report     {
19 silly audit report       id: 1123957,
19 silly audit report       url: 'https://github.com/advisories/GHSA-jqh4-m9w3-8hp9',
19 silly audit report       title: 'Axios: Fetch adapter `ReadableStream` uploads bypass `maxBodyLength`',
19 silly audit report       severity: 'moderate',
19 silly audit report       vulnerable_versions: '>=1.7.0 <1.18.0',
19 silly audit report       cwe: [Array],
19 silly audit report       cvss: [Object]
19 silly audit report     },
19 silly audit report     {
19 silly audit report       id: 1123959,
19 silly audit report       url: 'https://github.com/advisories/GHSA-mmx7-hfxf-jppx',
19 silly audit report       title: 'Axios: Prototype pollution gadgets can alter axios request construction',
19 silly audit report       severity: 'moderate',
19 silly audit report       vulnerable_versions: '>=1.0.0 <1.18.0',
19 silly audit report       cwe: [Array],
19 silly audit report       cvss: [Object]
19 silly audit report     },
19 silly audit report     {
19 silly audit report       id: 1123971,
19 silly audit report       url: 'https://github.com/advisories/GHSA-7q8q-rj6j-mhjq',
19 silly audit report       title: 'Axios: Nested axios option objects can consume polluted prototype values',
19 silly audit report       severity: 'moderate',
19 silly audit report       vulnerable_versions: '>=1.0.0 <1.18.0',
19 silly audit report       cwe: [Array],
19 silly audit report       cvss: [Object]
19 silly audit report     },
19 silly audit report     {
19 silly audit report       id: 1123973,
19 silly audit report       url: 'https://github.com/advisories/GHSA-mwf2-3pr3-8698',
19 silly audit report       title: 'Axios: HTTP/2 streamed uploads bypass `maxBodyLength`',
19 silly audit report       severity: 'moderate',
19 silly audit report       vulnerable_versions: '>=1.13.0 <1.18.0',
19 silly audit report       cwe: [Array],
19 silly audit report       cvss: [Object]
19 silly audit report     }
19 silly audit report   ],
19 silly audit report   'extract-zip': [
19 silly audit report     {
19 silly audit report       id: 1139346,
19 silly audit report       url: 'https://github.com/advisories/GHSA-jmr9-qjv8-65gv',
19 silly audit report       title: 'extract-zip unvalidated symlink path traversal',
19 silly audit report       severity: 'high',
19 silly audit report       vulnerable_versions: '<=2.0.1',
19 silly audit report       cwe: [Array],
19 silly audit report       cvss: [Object]
19 silly audit report     }
19 silly audit report   ],
19 silly audit report   'fast-uri': [
19 silly audit report     {
19 silly audit report       id: 1130720,
19 silly audit report       url: 'https://github.com/advisories/GHSA-7p8r-x3mc-p8w7',
19 silly audit report       title: 'fast-uri vulnerable to host confusion via backslash authority introducer',
19 silly audit report       severity: 'high',
19 silly audit report       vulnerable_versions: '>=3.0.0 <3.1.5',
19 silly audit report       cwe: [Array],
19 silly audit report       cvss: [Object]
19 silly audit report     },
19 silly audit report     {
19 silly audit report       id: 1124064,
19 silly audit report       url: 'https://github.com/advisories/GHSA-v2hh-gcrm-f6hx',
19 silly audit report       title: 'fast-uri vulnerable to host confusion via literal backslash authority delimiter',
19 silly audit report       severity: 'high',
19 silly audit report       vulnerable_versions: '>=3.0.0 <=3.1.3',
19 silly audit report       cwe: [Array],
19 silly audit report       cvss: [Object]
19 silly audit report     },
19 silly audit report     {
19 silly audit report       id: 1145454,
19 silly audit report       url: 'https://github.com/advisories/GHSA-4c8g-83qw-93j6',
19 silly audit report       title: 'fast-uri vulnerable to host confusion via failed IDN canonicalization',
19 silly audit report       severity: 'high',
19 silly audit report       vulnerable_versions: '>=3.0.0 <3.1.3',
19 silly audit report       cwe: [Array],
19 silly audit report       cvss: [Object]
19 silly audit report     },
19 silly audit report     {
19 silly audit report       id: 1145462,
19 silly audit report       url: 'https://github.com/advisories/GHSA-q3j6-qgpj-74h6',
19 silly audit report       title: 'fast-uri vulnerable to path traversal via percent-encoded dot segments',
19 silly audit report       severity: 'high',
19 silly audit report       vulnerable_versions: '>=3.0.0 <=3.1.0',
19 silly audit report       cwe: [Array],
19 silly audit report       cvss: [Object]
19 silly audit report     },
19 silly audit report     {
19 silly audit report       id: 1145464,
19 silly audit report       url: 'https://github.com/advisories/GHSA-v39h-62p7-jpjc',
19 silly audit report       title: 'fast-uri vulnerable to host confusion via percent-encoded authority delimiters',
19 silly audit report       severity: 'high',
19 silly audit report       vulnerable_versions: '>=3.0.0 <=3.1.1',
19 silly audit report       cwe: [Array],
19 silly audit report       cvss: [Object]
19 silly audit report     }
19 silly audit report   ],
19 silly audit report   'fast-xml-parser': [
19 silly audit report     {
19 silly audit report       id: 1117911,
19 silly audit report       url: 'https://github.com/advisories/GHSA-gh4j-gqv2-49f6',
19 silly audit report       title: 'fast-xml-parser XMLBuilder: XML Comment and CDATA Injection via Unescaped Delimiters',
19 silly audit report       severity: 'moderate',
19 silly audit report       vulnerable_versions: '<5.7.0',
19 silly audit report       cwe: [Array],
19 silly audit report       cvss: [Object]
19 silly audit report     },
19 silly audit report     {
19 silly audit report       id: 1113567,
19 silly audit report       url: 'https://github.com/advisories/GHSA-m7jm-9gc2-mpf2',
19 silly audit report       title: 'fast-xml-parser has an entity encoding bypass via regex injection in DOCTYPE entity names',
19 silly audit report       severity: 'critical',
19 silly audit report       vulnerable_versions: '>=4.1.3 <4.5.4',
19 silly audit report       cwe: [Array],
19 silly audit report       cvss: [Object]
19 silly audit report     },
19 silly audit report     {
19 silly audit report       id: 1113570,
19 silly audit report       url: 'https://github.com/advisories/GHSA-jmr7-xgp7-cmfj',
19 silly audit report       title: 'fast-xml-parser affected by DoS through entity expansion in DOCTYPE (no expansion limit)',
19 silly audit report       severity: 'high',
19 silly audit report       vulnerable_versions: '>=4.1.3 <4.5.4',
19 silly audit report       cwe: [Array],
19 silly audit report       cvss: [Object]
19 silly audit report     },
19 silly audit report     {
19 silly audit report       id: 1114149,
19 silly audit report       url: 'https://github.com/advisories/GHSA-fj3w-jwp8-x2g3',
19 silly audit report       title: 'fast-xml-parser has stack overflow in XMLBuilder with preserveOrder',
19 silly audit report       severity: 'low',
19 silly audit report       vulnerable_versions: '>=4.0.0-beta.0 <4.5.4',
19 silly audit report       cwe: [Array],
19 silly audit report       cvss: [Object]
19 silly audit report     },
19 silly audit report     {
19 silly audit report       id: 1115338,
19 silly audit report       url: 'https://github.com/advisories/GHSA-8gc5-j5rx-235r',
19 silly audit report       title: 'fast-xml-parser affected by numeric entity expansion bypassing all entity expansion limits (incomplete fix for CVE-2026-26278)',
19 silly audit report       severity: 'high',
19 silly audit report       vulnerable_versions: '>=4.0.0-beta.3 <4.5.5',
19 silly audit report       cwe: [Array],
19 silly audit report       cvss: [Object]
19 silly audit report     },
19 silly audit report     {
19 silly audit report       id: 1116308,
19 silly audit report       url: 'https://github.com/advisories/GHSA-jp2q-39xq-3w4g',
19 silly audit report       title: 'Entity Expansion Limits Bypassed When Set to Zero Due to JavaScript Falsy Evaluation in fast-xml-parser',
19 silly audit report       severity: 'moderate',
19 silly audit report       vulnerable_versions: '>=4.0.0-beta.3 <4.5.5',
19 silly audit report       cwe: [Array],
19 silly audit report       cvss: [Object]
19 silly audit report     }
19 silly audit report   ],
19 silly audit report   'follow-redirects': [
19 silly audit report     {
19 silly audit report       id: 1116560,
19 silly audit report       url: 'https://github.com/advisories/GHSA-r4q5-vmmm-2653',
19 silly audit report       title: 'follow-redirects leaks Custom Authentication Headers to Cross-Domain Redirect Targets',
19 silly audit report       severity: 'moderate',
19 silly audit report       vulnerable_versions: '<=1.15.11',
19 silly audit report       cwe: [Array],
19 silly audit report       cvss: [Object]
19 silly audit report     }
19 silly audit report   ],
19 silly audit report   handlebars: [
19 silly audit report     {
19 silly audit report       id: 1115538,
19 silly audit report       url: 'https://github.com/advisories/GHSA-3mfm-83xf-c92r',
19 silly audit report       title: 'Handlebars.js has JavaScript Injection via AST Type Confusion by tampering @partial-block',
19 silly audit report       severity: 'high',
19 silly audit report       vulnerable_versions: '>=4.0.0 <=4.7.8',
19 silly audit report       cwe: [Array],
19 silly audit report       cvss: [Object]
19 silly audit report     },
19 silly audit report     {
19 silly audit report       id: 1115539,
19 silly audit report       url: 'https://github.com/advisories/GHSA-2w6w-674q-4c4q',
19 silly audit report       title: 'Handlebars.js has JavaScript Injection via AST Type Confusion',
19 silly audit report       severity: 'critical',
19 silly audit report       vulnerable_versions: '>=4.0.0 <=4.7.8',
19 silly audit report       cwe: [Array],
19 silly audit report       cvss: [Object]
19 silly audit report     },
19 silly audit report     {
19 silly audit report       id: 1115544,
19 silly audit report       url: 'https://github.com/advisories/GHSA-2qvq-rjwj-gvw9',
19 silly audit report       title: 'Handlebars.js has Prototype Pollution Leading to XSS through Partial Template Injection',
19 silly audit report       severity: 'moderate',
19 silly audit report       vulnerable_versions: '>=4.0.0 <4.7.9',
19 silly audit report       cwe: [Array],
19 silly audit report       cvss: [Object]
19 silly audit report     },
19 silly audit report     {
19 silly audit report       id: 1115588,
19 silly audit report       url: 'https://github.com/advisories/GHSA-7rx3-28cr-v5wh',
19 silly audit report       title: 'Handlebars.js has a Prototype Method Access Control Gap via Missing __lookupSetter__ Blocklist Entry',
19 silly audit report       severity: 'moderate',
19 silly audit report       vulnerable_versions: '>=4.6.0 <=4.7.8',
19 silly audit report       cwe: [Array],
19 silly audit report       cvss: [Object]
19 silly audit report     },
19 silly audit report     {
19 silly audit report       id: 1115589,
19 silly audit report       url: 'https://github.com/advisories/GHSA-442j-39wm-28r2',
19 silly audit report       title: 'Handlebars.js has a Property Access Validation Bypass in container.lookup',
19 silly audit report       severity: 'low',
19 silly audit report       vulnerable_versions: '>=4.0.0 <=4.7.8',
19 silly audit report       cwe: [Array],
19 silly audit report       cvss: [Object]
19 silly audit report     },
19 silly audit report     {
19 silly audit report       id: 1115693,
19 silly audit report       url: 'https://github.com/advisories/GHSA-xhpv-hc6g-r9c6',
19 silly audit report       title: 'Handlebars.js has JavaScript Injection via AST Type Confusion when passing an object as dynamic partial',
19 silly audit report       severity: 'high',
19 silly audit report       vulnerable_versions: '>=4.0.0 <=4.7.8',
19 silly audit report       cwe: [Array],
19 silly audit report       cvss: [Object]
19 silly audit report     },
19 silly audit report     {
19 silly audit report       id: 1115694,
19 silly audit report       url: 'https://github.com/advisories/GHSA-9cx6-37pm-9jff',
19 silly audit report       title: 'Handlebars.js has Denial of Service via Malformed Decorator Syntax in Template Compilation',
19 silly audit report       severity: 'high',
19 silly audit report       vulnerable_versions: '>=4.0.0 <=4.7.8',
19 silly audit report       cwe: [Array],
19 silly audit report       cvss: [Object]
19 silly audit report     },
19 silly audit report     {
19 silly audit report       id: 1117465,
19 silly audit report       url: 'https://github.com/advisories/GHSA-xjpj-3mr7-gcpf',
19 silly audit report       title: 'Handlebars.js has JavaScript Injection in CLI Precompiler via Unescaped Names and Options',
19 silly audit report       severity: 'high',
19 silly audit report       vulnerable_versions: '>=4.0.0 <=4.7.8',
19 silly audit report       cwe: [Array],
19 silly audit report       cvss: [Object]
19 silly audit report     }
19 silly audit report   ],
19 silly audit report   'js-yaml': [
19 silly audit report     {
19 silly audit report       id: 1121860,
19 silly audit report       url: 'https://github.com/advisories/GHSA-h67p-54hq-rp68',
19 silly audit report       title: 'JS-YAML: Quadratic-complexity DoS in merge key handling via repeated aliases',
19 silly audit report       severity: 'moderate',
19 silly audit report       vulnerable_versions: '>=4.0.0 <=4.1.1',
19 silly audit report       cwe: [Array],
19 silly audit report       cvss: [Object]
19 silly audit report     },
19 silly audit report     {
19 silly audit report       id: 1123911,
19 silly audit report       url: 'https://github.com/advisories/GHSA-52cp-r559-cp3m',
19 silly audit report       title: 'js-yaml: YAML merge-key chains can force quadratic CPU consumption',
19 silly audit report       severity: 'high',
19 silly audit report       vulnerable_versions: '>=4.0.0 <4.3.0',
19 silly audit report       cwe: [Array],
19 silly audit report       cvss: [Object]
19 silly audit report     },
19 silly audit report     {
19 silly audit report       id: 1138115,
19 silly audit report       url: 'https://github.com/advisories/GHSA-5p4m-2wfm-xmqj',
19 silly audit report       title: 'JS-YAML: Quadratic CPU consumption in !!omap resolution (3.x and 4.x) — CVE-2026-59870 fix not backported',
19 silly audit report       severity: 'high',
19 silly audit report       vulnerable_versions: '>=4.0.0 <4.3.1',
19 silly audit report       cwe: [Array],
19 silly audit report       cvss: [Object]
19 silly audit report     }
19 silly audit report   ],
19 silly audit report   'json-2-csv': [
19 silly audit report     {
19 silly audit report       id: 1122166,
19 silly audit report       url: 'https://github.com/advisories/GHSA-g27c-q7cp-mhx6',
19 silly audit report       title: 'json-2-csv vulnerable to CSV Injection via the preventCsvInjection optio',
19 silly audit report       severity: 'moderate',
19 silly audit report       vulnerable_versions: '>=3.15.0 <5.5.11',
19 silly audit report       cwe: [Array],
19 silly audit report       cvss: [Object]
19 silly audit report     }
19 silly audit report   ],
19 silly audit report   lodash: [
19 silly audit report     {
19 silly audit report       id: 1120370,
19 silly audit report       url: 'https://github.com/advisories/GHSA-xxjr-mmjv-4gpg',
19 silly audit report       title: 'Lodash has Prototype Pollution Vulnerability in `_.unset` and `_.omit` functions',
19 silly audit report       severity: 'moderate',
19 silly audit report       vulnerable_versions: '>=4.0.0 <=4.17.22',
19 silly audit report       cwe: [Array],
19 silly audit report       cvss: [Object]
19 silly audit report     },
19 silly audit report     {
19 silly audit report       id: 1115806,
19 silly audit report       url: 'https://github.com/advisories/GHSA-r5fr-rjxr-66jc',
19 silly audit report       title: 'lodash vulnerable to Code Injection via `_.template` imports key names',
19 silly audit report       severity: 'high',
19 silly audit report       vulnerable_versions: '>=4.0.0 <=4.17.23',
19 silly audit report       cwe: [Array],
19 silly audit report       cvss: [Object]
19 silly audit report     },
19 silly audit report     {
19 silly audit report       id: 1115810,
19 silly audit report       url: 'https://github.com/advisories/GHSA-f23m-r3pf-42rh',
19 silly audit report       title: 'lodash vulnerable to Prototype Pollution via array path bypass in `_.unset` and `_.omit`',
19 silly audit report       severity: 'moderate',
19 silly audit report       vulnerable_versions: '<=4.17.23',
19 silly audit report       cwe: [Array],
19 silly audit report       cvss: [Object]
19 silly audit report     }
19 silly audit report   ],
19 silly audit report   nanoid: [
19 silly audit report     {
19 silly audit report       id: 1138811,
19 silly audit report       url: 'https://github.com/advisories/GHSA-28wg-ghj8-5hjv',
19 silly audit report       title: 'nanoid: non-secure generators can loop indefinitely with negative size',
19 silly audit report       severity: 'high',
19 silly audit report       vulnerable_versions: '<3.3.16',
19 silly audit report       cwe: [Array],
19 silly audit report       cvss: [Object]
19 silly audit report     },
19 silly audit report     {
19 silly audit report       id: 1139427,
19 silly audit report       url: 'https://github.com/advisories/GHSA-2v37-7h3g-55p8',
19 silly audit report       title: 'nanoid: custom generators can loop indefinitely when size is zero',
19 silly audit report       severity: 'high',
19 silly audit report       vulnerable_versions: '<3.3.18',
19 silly audit report       cwe: [Array],
19 silly audit report       cvss: [Object]
19 silly audit report     }
19 silly audit report   ],
19 silly audit report   next: [
19 silly audit report     {
19 silly audit report       id: 1117931,
19 silly audit report       url: 'https://github.com/advisories/GHSA-8h8q-6873-q5fj',
19 silly audit report       title: 'Next.js Vulnerable to Denial of Service with Server Components',
19 silly audit report       severity: 'high',
19 silly audit report       vulnerable_versions: '>=13.0.0 <15.5.16',
19 silly audit report       cwe: [Array],
19 silly audit report       cvss: [Object]
19 silly audit report     },
19 silly audit report     {
19 silly audit report       id: 1118939,
19 silly audit report       url: 'https://github.com/advisories/GHSA-26hh-7cqf-hhc6',
19 silly audit report       title: 'Next.js has a Middleware / Proxy bypass in App Router applications via segment-prefetch routes - Incomplete Fix Follow-Up',
19 silly audit report       severity: 'high',
19 silly audit report       vulnerable_versions: '>=15.2.0 <15.5.18',
19 silly audit report       cwe: [Array],
19 silly audit report       cvss: [Object]
19 silly audit report     },
19 silly audit report     {
19 silly audit report       id: 1118942,
19 silly audit report       url: 'https://github.com/advisories/GHSA-3g8h-86w9-wvmq',
19 silly audit report       title: "Next.js's Middleware / Proxy redirects can be cache-poisoned",
19 silly audit report       severity: 'low',
19 silly audit report       vulnerable_versions: '>=12.2.0 <15.5.16',
19 silly audit report       cwe: [Array],
19 silly audit report       cvss: [Object]
19 silly audit report     },
19 silly audit report     {
19 silly audit report       id: 1118944,
19 silly audit report       url: 'https://github.com/advisories/GHSA-ffhc-5mcf-pf4q',
19 silly audit report       title: 'Next.js vulnerable to cross-site scripting in App Router applications using CSP nonces',
19 silly audit report       severity: 'moderate',
19 silly audit report       vulnerable_versions: '>=13.4.0 <15.5.16',
19 silly audit report       cwe: [Array],
19 silly audit report       cvss: [Object]
19 silly audit report     },
19 silly audit report     {
19 silly audit report       id: 1118946,
19 silly audit report       url: 'https://github.com/advisories/GHSA-vfv6-92ff-j949',
19 silly audit report       title: 'Next.js vulnerable to cache poisoning via collisions in React Server Component cache-busting',
19 silly audit report       severity: 'low',
19 silly audit report       vulnerable_versions: '>=13.4.6 <15.5.16',
19 silly audit report       cwe: [Array],
19 silly audit report       cvss: [Object]
19 silly audit report     },
19 silly audit report     {
19 silly audit report       id: 1118948,
19 silly audit report       url: 'https://github.com/advisories/GHSA-gx5p-jg67-6x7h',
19 silly audit report       title: 'Next.js has cross-site scripting in beforeInteractive scripts with untrusted input',
19 silly audit report       severity: 'moderate',
19 silly audit report       vulnerable_versions: '>=13.0.0 <15.5.16',
19 silly audit report       cwe: [Array],
19 silly audit report       cvss: [Object]
19 silly audit report     },
19 silly audit report     {
19 silly audit report       id: 1118950,
19 silly audit report       url: 'https://github.com/advisories/GHSA-mg66-mrh9-m8jx',
19 silly audit report       title: 'Next.js vulnerable to Denial of Service via connection exhaustion in applications using Cache Components',
19 silly audit report       severity: 'high',
19 silly audit report       vulnerable_versions: '>=15.0.0 <15.5.16',
19 silly audit report       cwe: [Array],
19 silly audit report       cvss: [Object]
19 silly audit report     },
19 silly audit report     {
19 silly audit report       id: 1118952,
19 silly audit report       url: 'https://github.com/advisories/GHSA-h64f-5h5j-jqjh',
19 silly audit report       title: 'Next.js has a Denial of Service in the Image Optimization API',
19 silly audit report       severity: 'moderate',
19 silly audit report       vulnerable_versions: '>=10.0.0 <15.5.16',
19 silly audit report       cwe: [Array],
19 silly audit report       cvss: [Object]
19 silly audit report     },
19 silly audit report     {
19 silly audit report       id: 1118954,
19 silly audit report       url: 'https://github.com/advisories/GHSA-c4j6-fc7j-m34r',
19 silly audit report       title: 'Next.js vulnerable to server-side request forgery in applications using WebSocket upgrades',
19 silly audit report       severity: 'high',
19 silly audit report       vulnerable_versions: '>=13.4.13 <15.5.16',
19 silly audit report       cwe: [Array],
19 silly audit report       cvss: [Object]
19 silly audit report     },
19 silly audit report     {
19 silly audit report       id: 1118956,
19 silly audit report       url: 'https://github.com/advisories/GHSA-492v-c6pp-mqqv',
19 silly audit report       title: 'Next.js has a Middleware / Proxy bypass through dynamic route parameter injection',
19 silly audit report       severity: 'high',
19 silly audit report       vulnerable_versions: '>=15.4.0 <15.5.16',
19 silly audit report       cwe: [Array],
19 silly audit report       cvss: [Object]
19 silly audit report     },
19 silly audit report     {
19 silly audit report       id: 1118958,
19 silly audit report       url: 'https://github.com/advisories/GHSA-wfc6-r584-vfw7',
19 silly audit report       title: 'Next.js vulnerable to cache poisoning in React Server Component responses',
19 silly audit report       severity: 'moderate',
19 silly audit report       vulnerable_versions: '>=14.2.0 <15.5.16',
19 silly audit report       cwe: [Array],
19 silly audit report       cvss: [Object]
19 silly audit report     },
19 silly audit report     {
19 silly audit report       id: 1118960,
19 silly audit report       url: 'https://github.com/advisories/GHSA-267c-6grr-h53f',
19 silly audit report       title: 'Next.js has a Middleware / Proxy bypass in App Router applications via segment-prefetch routes',
19 silly audit report       severity: 'high',
19 silly audit report       vulnerable_versions: '>=15.2.0 <15.5.16',
19 silly audit report       cwe: [Array],
19 silly audit report       cvss: [Object]
19 silly audit report     },
19 silly audit report     {
19 silly audit report       id: 1118962,
19 silly audit report       url: 'https://github.com/advisories/GHSA-36qx-fr4f-26g5',
19 silly audit report       title: 'Next.js has a Middleware / Proxy bypass in Pages Router applications using i18n',
19 silly audit report       severity: 'high',
19 silly audit report       vulnerable_versions: '>=12.2.0 <15.5.16',
19 silly audit report       cwe: [Array],
19 silly audit report       cvss: [Object]
19 silly audit report     },
19 silly audit report     {
19 silly audit report       id: 1112593,
19 silly audit report       url: 'https://github.com/advisories/GHSA-9g9p-9gw9-jx7f',
19 silly audit report       title: 'Next.js self-hosted applications vulnerable to DoS via Image Optimizer remotePatterns configuration',
19 silly audit report       severity: 'moderate',
19 silly audit report       vulnerable_versions: '>=10.0.0 <15.5.10',
19 silly audit report       cwe: [Array],
19 silly audit report       cvss: [Object]
19 silly audit report     },
19 silly audit report     {
19 silly audit report       id: 1112648,
19 silly audit report       url: 'https://github.com/advisories/GHSA-h25m-26qc-wcjf',
19 silly audit report       title: 'Next.js HTTP request deserialization can lead to DoS when using insecure React Server Components',
19 silly audit report       severity: 'high',
19 silly audit report       vulnerable_versions: '>=15.5.1-canary.0 <15.5.10',
19 silly audit report       cwe: [Array],
19 silly audit report       cvss: [Object]
19 silly audit report     },
19 silly audit report     {
19 silly audit report       id: 1114897,
19 silly audit report       url: 'https://github.com/advisories/GHSA-ggv3-7p47-pfv8',
19 silly audit report       title: 'Next.js: HTTP request smuggling in rewrites',
19 silly audit report       severity: 'moderate',
19 silly audit report       vulnerable_versions: '>=9.5.0 <15.5.13',
19 silly audit report       cwe: [Array],
19 silly audit report       cvss: [Object]
19 silly audit report     },
19 silly audit report     {
19 silly audit report       id: 1114940,
19 silly audit report       url: 'https://github.com/advisories/GHSA-3x4c-7xq6-9pq8',
19 silly audit report       title: 'Next.js: Unbounded next/image disk cache growth can exhaust storage',
19 silly audit report       severity: 'moderate',
19 silly audit report       vulnerable_versions: '>=10.0.0 <15.5.14',
19 silly audit report       cwe: [Array],
19 silly audit report       cvss: [Object]
19 silly audit report     },
19 silly audit report     {
19 silly audit report       id: 1116376,
19 silly audit report       url: 'https://github.com/advisories/GHSA-q4gf-8mx6-v5v3',
19 silly audit report       title: 'Next.js has a Denial of Service with Server Components',
19 silly audit report       severity: 'high',
19 silly audit report       vulnerable_versions: '>=13.0.0 <15.5.15',
19 silly audit report       cwe: [Array],
19 silly audit report       cvss: [Object]
19 silly audit report     },
19 silly audit report     {
19 silly audit report       id: 1124185,
19 silly audit report       url: 'https://github.com/advisories/GHSA-89xv-2m56-2m9x',
19 silly audit report       title: 'Next.js: Server-Side Request Forgery in Server Actions on custom servers',
19 silly audit report       severity: 'high',
19 silly audit report       vulnerable_versions: '>=14.1.1 <15.5.21',
19 silly audit report       cwe: [Array],
19 silly audit report       cvss: [Object]
19 silly audit report     },
19 silly audit report     {
19 silly audit report       id: 1124172,
19 silly audit report       url: 'https://github.com/advisories/GHSA-m99w-x7hq-7vfj',
19 silly audit report       title: 'Next.js: Denial of Service in App Router using Server Actions',
19 silly audit report       severity: 'high',
19 silly audit report       vulnerable_versions: '>=13.0.0 <15.5.21',
19 silly audit report       cwe: [Array],
19 silly audit report       cvss: [Object]
19 silly audit report     },
19 silly audit report     {
19 silly audit report       id: 1124187,
19 silly audit report       url: 'https://github.com/advisories/GHSA-68g3-v927-f742',
19 silly audit report       title: 'Next.js: Cache confusion of response bodies for requests with bodies',
19 silly audit report       severity: 'moderate',
19 silly audit report       vulnerable_versions: '>=13.0.0 <15.5.21',
19 silly audit report       cwe: [Array],
19 silly audit report       cvss: [Object]
19 silly audit report     },
19 silly audit report     {
19 silly audit report       id: 1124189,
19 silly audit report       url: 'https://github.com/advisories/GHSA-4633-3j49-mh5q',
19 silly audit report       title: 'Next.js: Cache confusion of response bodies for requests with bodies containing invalid UTF-8 byte sequences',
19 silly audit report       severity: 'moderate',
19 silly audit report       vulnerable_versions: '>=13.0.0 <15.5.21',
19 silly audit report       cwe: [Array],
19 silly audit report       cvss: [Object]
19 silly audit report     },
19 silly audit report     {
19 silly audit report       id: 1124191,
19 silly audit report       url: 'https://github.com/advisories/GHSA-4c39-4ccg-62r3',
19 silly audit report       title: 'Next.js: Unbounded Server Action payload in Edge runtime',
19 silly audit report       severity: 'moderate',
19 silly audit report       vulnerable_versions: '>=13.0.0 <15.5.21',
19 silly audit report       cwe: [Array],
19 silly audit report       cvss: [Object]
19 silly audit report     },
19 silly audit report     {
19 silly audit report       id: 1124193,
19 silly audit report       url: 'https://github.com/advisories/GHSA-p9j2-gv94-2wf4',
19 silly audit report       title: 'Next.js: Server-Side Request Forgery in rewrites via attacker-controlled destination hostname',
19 silly audit report       severity: 'high',
19 silly audit report       vulnerable_versions: '>=12.0.0 <15.5.21',
19 silly audit report       cwe: [Array],
19 silly audit report       cvss: [Object]
19 silly audit report     },
19 silly audit report     {
19 silly audit report       id: 1124195,
19 silly audit report       url: 'https://github.com/advisories/GHSA-q8wf-6r8g-63ch',
19 silly audit report       title: 'Next.js: Denial of Service in the Image Optimization API using SVGs',
19 silly audit report       severity: 'moderate',
19 silly audit report       vulnerable_versions: '>=15.5.0 <15.5.21',
19 silly audit report       cwe: [Array],
19 silly audit report       cvss: [Object]
19 silly audit report     },
19 silly audit report     {
19 silly audit report       id: 1124197,
19 silly audit report       url: 'https://github.com/advisories/GHSA-955p-x3mx-jcvp',
19 silly audit report       title: 'Next.js: Unauthenticated disclosure of internal Server Function endpoints',
19 silly audit report       severity: 'moderate',
19 silly audit report       vulnerable_versions: '>=13.0.0 <15.5.21',
19 silly audit report       cwe: [Array],
19 silly audit report       cvss: [Object]
19 silly audit report     }
19 silly audit report   ],
19 silly audit report   postcss: [
19 silly audit report     {
19 silly audit report       id: 1130709,
19 silly audit report       url: 'https://github.com/advisories/GHSA-fxqj-rqcc-2cmp',
19 silly audit report       title: 'PostCSS: incomplete fix of GHSA-6g55-p6wh-862q — attacker-controlled sourceMappingURL reads arbitrary .map files when `from` is unset',
19 silly audit report       severity: 'moderate',
19 silly audit report       vulnerable_versions: '<=8.5.22',
19 silly audit report       cwe: [Array],
19 silly audit report       cvss: [Object]
19 silly audit report     },
19 silly audit report     {
19 silly audit report       id: 1117015,
19 silly audit report       url: 'https://github.com/advisories/GHSA-qx2v-qp2m-jg93',
19 silly audit report       title: 'PostCSS has XSS via Unescaped </style> in its CSS Stringify Output',
19 silly audit report       severity: 'moderate',
19 silly audit report       vulnerable_versions: '<8.5.10',
19 silly audit report       cwe: [Array],
19 silly audit report       cvss: [Object]
19 silly audit report     },
19 silly audit report     {
19 silly audit report       id: 1124252,
19 silly audit report       url: 'https://github.com/advisories/GHSA-6g55-p6wh-862q',
19 silly audit report       title: 'PostCSS: Arbitrary file read and information disclosure via attacker-controlled sourceMappingURL in CSS comments',
19 silly audit report       severity: 'high',
19 silly audit report       vulnerable_versions: '<=8.5.11',
19 silly audit report       cwe: [Array],
19 silly audit report       cvss: [Object]
19 silly audit report     },
19 silly audit report     {
19 silly audit report       id: 1139510,
19 silly audit report       url: 'https://github.com/advisories/GHSA-r28c-9q8g-f849',
19 silly audit report       title: 'PostCSS: Path Traversal in Previous Source Map Auto-Loading (sourceMappingURL) leads to Arbitrary .map File Disclosure',
19 silly audit report       severity: 'high',
19 silly audit report       vulnerable_versions: '<=8.5.17',
19 silly audit report       cwe: [Array],
19 silly audit report       cvss: [Object]
19 silly audit report     }
19 silly audit report   ],
19 silly audit report   'node-forge': [
19 silly audit report     {
19 silly audit report       id: 1115545,
19 silly audit report       url: 'https://github.com/advisories/GHSA-2328-f5f3-gj25',
19 silly audit report       title: 'Forge has a basicConstraints bypass in its certificate chain verification (RFC 5280 violation)',
19 silly audit report       severity: 'high',
19 silly audit report       vulnerable_versions: '<=1.3.3',
19 silly audit report       cwe: [Array],
19 silly audit report       cvss: [Object]
19 silly audit report     },
19 silly audit report     {
19 silly audit report       id: 1115546,
19 silly audit report       url: 'https://github.com/advisories/GHSA-q67f-28xg-22rw',
19 silly audit report       title: 'Forge has signature forgery in Ed25519 due to missing S > L check',
19 silly audit report       severity: 'high',
19 silly audit report       vulnerable_versions: '<1.4.0',
19 silly audit report       cwe: [Array],
19 silly audit report       cvss: [Object]
19 silly audit report     },
19 silly audit report     {
19 silly audit report       id: 1115548,
19 silly audit report       url: 'https://github.com/advisories/GHSA-5m6q-g25r-mvwx',
19 silly audit report       title: 'Forge has Denial of Service via Infinite Loop in BigInteger.modInverse() with Zero Input',
19 silly audit report       severity: 'high',
19 silly audit report       vulnerable_versions: '<1.4.0',
19 silly audit report       cwe: [Array],
19 silly audit report       cvss: [Object]
19 silly audit report     },
19 silly audit report     {
19 silly audit report       id: 1115612,
19 silly audit report       url: 'https://github.com/advisories/GHSA-ppp5-5v6c-4jwp',
19 silly audit report       title: 'Forge has signature forgery in RSA-PKCS due to ASN.1 extra field  ',
19 silly audit report       severity: 'high',
19 silly audit report       vulnerable_versions: '<1.4.0',
19 silly audit report       cwe: [Array],
19 silly audit report       cvss: [Object]
19 silly audit report     }
19 silly audit report   ],
19 silly audit report   'path-to-regexp': [
19 silly audit report     {
19 silly audit report       id: 1115573,
19 silly audit report       url: 'https://github.com/advisories/GHSA-j3q9-mxjg-w52f',
19 silly audit report       title: 'path-to-regexp vulnerable to Denial of Service via sequential optional groups',
19 silly audit report       severity: 'high',
19 silly audit report       vulnerable_versions: '>=8.0.0 <8.4.0',
19 silly audit report       cwe: [Array],
19 silly audit report       cvss: [Object]
19 silly audit report     },
19 silly audit report     {
19 silly audit report       id: 1115527,
19 silly audit report       url: 'https://github.com/advisories/GHSA-37ch-88jc-xwx2',
19 silly audit report       title: 'path-to-regexp vulnerable to Regular Expression Denial of Service via multiple route parameters',
19 silly audit report       severity: 'high',
19 silly audit report       vulnerable_versions: '<0.1.13',
19 silly audit report       cwe: [Array],
19 silly audit report       cvss: [Object]
19 silly audit report     },
19 silly audit report     {
19 silly audit report       id: 1115582,
19 silly audit report       url: 'https://github.com/advisories/GHSA-27v5-c462-wpq7',
19 silly audit report       title: 'path-to-regexp vulnerable to Regular Expression Denial of Service via multiple wildcards',
19 silly audit report       severity: 'moderate',
19 silly audit report       vulnerable_versions: '>=8.0.0 <8.4.0',
19 silly audit report       cwe: [Array],
19 silly audit report       cvss: [Object]
19 silly audit report     }
19 silly audit report   ],
19 silly audit report   picomatch: [
19 silly audit report     {
19 silly audit report       id: 1115549,
19 silly audit report       url: 'https://github.com/advisories/GHSA-3v7f-55p6-f55p',
19 silly audit report       title: 'Picomatch: Method Injection in POSIX Character Classes causes incorrect Glob Matching',
19 silly audit report       severity: 'moderate',
19 silly audit report       vulnerable_versions: '<2.3.2',
19 silly audit report       cwe: [Array],
19 silly audit report       cvss: [Object]
19 silly audit report     },
19 silly audit report     {
19 silly audit report       id: 1115552,
19 silly audit report       url: 'https://github.com/advisories/GHSA-c2c7-rcm5-vvqj',
19 silly audit report       title: 'Picomatch has a ReDoS vulnerability via extglob quantifiers',
19 silly audit report       severity: 'high',
19 silly audit report       vulnerable_versions: '<2.3.2',
19 silly audit report       cwe: [Array],
19 silly audit report       cvss: [Object]
19 silly audit report     }
19 silly audit report   ],
19 silly audit report   protobufjs: [
19 silly audit report     {
19 silly audit report       id: 1118641,
19 silly audit report       url: 'https://github.com/advisories/GHSA-66ff-xgx4-vchm',
19 silly audit report       title: 'protobuf.js: Code injection through bytes field defaults in generated toObject code',
19 silly audit report       severity: 'high',
19 silly audit report       vulnerable_versions: '<=7.5.5',
19 silly audit report       cwe: [Array],
19 silly audit report       cvss: [Object]
19 silly audit report     },
19 silly audit report     {
19 silly audit report       id: 1118924,
19 silly audit report       url: 'https://github.com/advisories/GHSA-2pr8-phx7-x9h3',
19 silly audit report       title: 'protobuf.js: Denial of service from crafted field names in generated code',
19 silly audit report       severity: 'moderate',
19 silly audit report       vulnerable_versions: '<=7.5.5',
19 silly audit report       cwe: [Array],
19 silly audit report       cvss: [Object]
19 silly audit report     },
19 silly audit report     {
19 silly audit report       id: 1118926,
19 silly audit report       url: 'https://github.com/advisories/GHSA-fx83-v9x8-x52w',
19 silly audit report       title: 'protobuf.js: Prototype injection in generated message constructors',
19 silly audit report       severity: 'moderate',
19 silly audit report       vulnerable_versions: '<=7.5.5',
19 silly audit report       cwe: [Array],
19 silly audit report       cvss: [Object]
19 silly audit report     },
19 silly audit report     {
19 silly audit report       id: 1118928,
19 silly audit report       url: 'https://github.com/advisories/GHSA-75px-5xx7-5xc7',
19 silly audit report       title: 'protobuf.js: Code generation gadget after prototype pollution',
19 silly audit report       severity: 'high',
19 silly audit report       vulnerable_versions: '<=7.5.5',
19 silly audit report       cwe: [Array],
19 silly audit report       cvss: [Object]
19 silly audit report     },
19 silly audit report     {
19 silly audit report       id: 1118930,
19 silly audit report       url: 'https://github.com/advisories/GHSA-jvwf-75h9-cwgg',
19 silly audit report       title: 'protobuf.js: Process-wide denial of service through unsafe option paths',
19 silly audit report       severity: 'high',
19 silly audit report       vulnerable_versions: '<=7.5.5',
19 silly audit report       cwe: [Array],
19 silly audit report       cvss: [Object]
19 silly audit report     },
19 silly audit report     {
19 silly audit report       id: 1118932,
19 silly audit report       url: 'https://github.com/advisories/GHSA-685m-2w69-288q',
19 silly audit report       title: 'protobuf.js: Denial of service through unbounded protobuf recursion',
19 silly audit report       severity: 'high',
19 silly audit report       vulnerable_versions: '<=7.5.5',
19 silly audit report       cwe: [Array],
19 silly audit report       cvss: [Object]
19 silly audit report     },
19 silly audit report     {
19 silly audit report       id: 1118935,
19 silly audit report       url: 'https://github.com/advisories/GHSA-q6x5-8v7m-xcrf',
19 silly audit report       title: 'protobufjs has overlong UTF-8 decoding',
19 silly audit report       severity: 'moderate',
19 silly audit report       vulnerable_versions: '<=7.5.5',
19 silly audit report       cwe: [Array],
19 silly audit report       cvss: [Object]
19 silly audit report     },
19 silly audit report     {
19 silly audit report       id: 1119378,
19 silly audit report       url: 'https://github.com/advisories/GHSA-jggg-4jg4-v7c6',
19 silly audit report       title: 'protobufjs: Denial of Service via unbounded recursive JSON descriptor expansion',
19 silly audit report       severity: 'moderate',
19 silly audit report       vulnerable_versions: '<=7.5.7',
19 silly audit report       cwe: [Array],
19 silly audit report       cvss: [Object]
19 silly audit report     },
19 silly audit report     {
19 silly audit report       id: 1117571,
19 silly audit report       url: 'https://github.com/advisories/GHSA-xq3m-2v4x-88gg',
19 silly audit report       title: 'Arbitrary code execution in protobufjs',
19 silly audit report       severity: 'critical',
19 silly audit report       vulnerable_versions: '<7.5.5',
19 silly audit report       cwe: [Array],
19 silly audit report       cvss: [Object]
19 silly audit report     },
19 silly audit report     {
19 silly audit report       id: 1123488,
19 silly audit report       url: 'https://github.com/advisories/GHSA-wcpc-wj8m-hjx6',
19 silly audit report       title: 'protobufjs: Denial of service through unbounded Any expansion during JSON conversion',
19 silly audit report       severity: 'high',
19 silly audit report       vulnerable_versions: '<=7.6.0',
19 silly audit report       cwe: [Array],
19 silly audit report       cvss: [Object]
19 silly audit report     },
19 silly audit report     {
19 silly audit report       id: 1123492,
19 silly audit report       url: 'https://github.com/advisories/GHSA-f38q-mgvj-vph7',
19 silly audit report       title: 'protobufjs : Schema-derived names can shadow runtime-significant properties',
19 silly audit report       severity: 'moderate',
19 silly audit report       vulnerable_versions: '<=7.6.2',
19 silly audit report       cwe: [Array],
19 silly audit report       cvss: [Object]
19 silly audit report     },
19 silly audit report     {
19 silly audit report       id: 1123964,
19 silly audit report       url: 'https://github.com/advisories/GHSA-j3f2-48v5-ccww',
19 silly audit report       title: 'protobufjs: Denial of Service via infinite loop in .proto option parsing',
19 silly audit report       severity: 'moderate',
19 silly audit report       vulnerable_versions: '>=7.5.0 <=7.6.4',
19 silly audit report       cwe: [Array],
19 silly audit report       cvss: [Object]
19 silly audit report     }
19 silly audit report   ],
19 silly audit report   sharp: [
19 silly audit report     {
19 silly audit report       id: 1124066,
19 silly audit report       url: 'https://github.com/advisories/GHSA-f88m-g3jw-g9cj',
19 silly audit report       title: 'sharp inherited vulnerabilities in libvips: CVE-2026-33327, CVE-2026-33328, CVE-2026-35590, CVE-2026-35591',
19 silly audit report       severity: 'high',
19 silly audit report       vulnerable_versions: '<0.35.0',
19 silly audit report       cwe: [Array],
19 silly audit report       cvss: [Object]
19 silly audit report     }
19 silly audit report   ],
19 silly audit report   tmp: [
19 silly audit report     {
19 silly audit report       id: 1109537,
19 silly audit report       url: 'https://github.com/advisories/GHSA-52f5-9888-hmc6',
19 silly audit report       title: 'tmp allows arbitrary temporary file / directory write via symbolic link `dir` parameter',
19 silly audit report       severity: 'low',
19 silly audit report       vulnerable_versions: '<=0.2.3',
19 silly audit report       cwe: [Array],
19 silly audit report       cvss: [Object]
19 silly audit report     },
19 silly audit report     {
19 silly audit report       id: 1120654,
19 silly audit report       url: 'https://github.com/advisories/GHSA-ph9p-34f9-6g65',
19 silly audit report       title: 'tmp has Path Traversal via unsanitized prefix/postfix that enables directory escape',
19 silly audit report       severity: 'high',
19 silly audit report       vulnerable_versions: '<0.2.6',
19 silly audit report       cwe: [Array],
19 silly audit report       cvss: [Object]
19 silly audit report     }
19 silly audit report   ],
19 silly audit report   'websocket-driver': [
19 silly audit report     {
19 silly audit report       id: 1123482,
19 silly audit report       url: 'https://github.com/advisories/GHSA-mp7j-qc5w-4988',
19 silly audit report       title: 'websocket-driver: Resource limit bypass via message compression',
19 silly audit report       severity: 'moderate',
19 silly audit report       vulnerable_versions: '<0.7.5',
19 silly audit report       cwe: [Array],
19 silly audit report       cvss: [Object]
19 silly audit report     },
19 silly audit report     {
19 silly audit report       id: 1123483,
19 silly audit report       url: 'https://github.com/advisories/GHSA-xv26-6w52-cph6',
19 silly audit report       title: 'websocket-driver: Message corruption via abuse of protocol length headers',
19 silly audit report       severity: 'critical',
19 silly audit report       vulnerable_versions: '<0.7.5',
19 silly audit report       cwe: [Array],
19 silly audit report       cvss: [Object]
19 silly audit report     }
19 silly audit report   ],
19 silly audit report   yaml: [
19 silly audit report     {
19 silly audit report       id: 1115556,
19 silly audit report       url: 'https://github.com/advisories/GHSA-48c2-rrv3-qjmp',
19 silly audit report       title: 'yaml is vulnerable to Stack Overflow via deeply nested YAML collections',
19 silly audit report       severity: 'moderate',
19 silly audit report       vulnerable_versions: '>=2.0.0 <2.8.3',
19 silly audit report       cwe: [Array],
19 silly audit report       cvss: [Object]
19 silly audit report     }
19 silly audit report   ]
19 silly audit report }
20 silly packumentCache corgi:https://registry.npmjs.org/brace-expansion cache-miss
21 silly packumentCache corgi:https://registry.npmjs.org/glob cache-miss
22 silly packumentCache corgi:https://registry.npmjs.org/minimatch cache-miss
23 silly packumentCache corgi:https://registry.npmjs.org/@grpc%2fgrpc-js cache-miss
24 silly packumentCache corgi:https://registry.npmjs.org/uuid cache-miss
25 silly packumentCache corgi:https://registry.npmjs.org/@modelcontextprotocol%2fsdk cache-miss
26 silly packumentCache corgi:https://registry.npmjs.org/ajv cache-miss
27 silly packumentCache corgi:https://registry.npmjs.org/body-parser cache-miss
28 silly packumentCache corgi:https://registry.npmjs.org/qs cache-miss
29 silly packumentCache corgi:https://registry.npmjs.org/@opentelemetry%2fauto-instrumentations-node cache-miss
30 silly packumentCache corgi:https://registry.npmjs.org/@opentelemetry%2fcore cache-miss
31 silly packumentCache corgi:https://registry.npmjs.org/@opentelemetry%2fpropagator-jaeger cache-miss
32 silly packumentCache corgi:https://registry.npmjs.org/@opentelemetry%2fsdk-node cache-miss
33 silly packumentCache corgi:https://registry.npmjs.org/@protobufjs%2futf8 cache-miss
34 silly packumentCache corgi:https://registry.npmjs.org/@tootallnate%2fonce cache-miss
35 silly packumentCache corgi:https://registry.npmjs.org/form-data cache-miss
36 silly packumentCache corgi:https://registry.npmjs.org/adm-zip cache-miss
37 silly packumentCache corgi:https://registry.npmjs.org/axios cache-miss
38 silly packumentCache corgi:https://registry.npmjs.org/extract-zip cache-miss
39 silly packumentCache corgi:https://registry.npmjs.org/fast-uri cache-miss
40 silly packumentCache corgi:https://registry.npmjs.org/fast-xml-parser cache-miss
41 silly packumentCache corgi:https://registry.npmjs.org/follow-redirects cache-miss
42 silly packumentCache corgi:https://registry.npmjs.org/handlebars cache-miss
43 silly packumentCache corgi:https://registry.npmjs.org/js-yaml cache-miss
44 silly packumentCache corgi:https://registry.npmjs.org/json-2-csv cache-miss
45 silly packumentCache corgi:https://registry.npmjs.org/lodash cache-miss
46 silly packumentCache corgi:https://registry.npmjs.org/nanoid cache-miss
47 silly packumentCache corgi:https://registry.npmjs.org/next cache-miss
48 silly packumentCache corgi:https://registry.npmjs.org/postcss cache-miss
49 silly packumentCache corgi:https://registry.npmjs.org/node-forge cache-miss
50 silly packumentCache corgi:https://registry.npmjs.org/path-to-regexp cache-miss
51 silly packumentCache corgi:https://registry.npmjs.org/picomatch cache-miss
52 silly packumentCache corgi:https://registry.npmjs.org/protobufjs cache-miss
53 silly packumentCache corgi:https://registry.npmjs.org/sharp cache-miss
54 silly packumentCache corgi:https://registry.npmjs.org/tmp cache-miss
55 silly packumentCache corgi:https://registry.npmjs.org/websocket-driver cache-miss
56 silly packumentCache corgi:https://registry.npmjs.org/yaml cache-miss
57 http fetch GET 200 https://registry.npmjs.org/brace-expansion 555ms (cache revalidated)
58 silly packumentCache corgi:https://registry.npmjs.org/brace-expansion set size:34964 disposed:false
59 http fetch GET 200 https://registry.npmjs.org/form-data 620ms (cache revalidated)
60 silly packumentCache corgi:https://registry.npmjs.org/form-data set size:55002 disposed:false
61 http fetch GET 200 https://registry.npmjs.org/follow-redirects 687ms (cache revalidated)
62 silly packumentCache corgi:https://registry.npmjs.org/follow-redirects set size:88479 disposed:false
63 http fetch GET 200 https://registry.npmjs.org/body-parser 739ms (cache revalidated)
64 silly packumentCache corgi:https://registry.npmjs.org/body-parser set size:81203 disposed:false
65 http fetch GET 200 https://registry.npmjs.org/qs 743ms (cache revalidated)
66 silly packumentCache corgi:https://registry.npmjs.org/qs set size:148003 disposed:false
67 http fetch GET 200 https://registry.npmjs.org/ajv 755ms (cache revalidated)
68 silly packumentCache corgi:https://registry.npmjs.org/ajv set size:467559 disposed:false
69 http fetch GET 200 https://registry.npmjs.org/extract-zip 776ms (cache revalidated)
70 silly packumentCache corgi:https://registry.npmjs.org/extract-zip set size:22818 disposed:false
71 http fetch GET 200 https://registry.npmjs.org/fast-xml-parser 781ms (cache revalidated)
72 silly packumentCache corgi:https://registry.npmjs.org/fast-xml-parser set size:266571 disposed:false
73 http fetch GET 200 https://registry.npmjs.org/fast-uri 796ms (cache revalidated)
74 silly packumentCache corgi:https://registry.npmjs.org/fast-uri set size:30599 disposed:false
75 http fetch GET 200 https://registry.npmjs.org/@grpc%2fgrpc-js 833ms (cache revalidated)
76 silly packumentCache corgi:https://registry.npmjs.org/@grpc%2fgrpc-js set size:346199 disposed:false
77 http fetch GET 200 https://registry.npmjs.org/minimatch 861ms (cache revalidated)
78 silly packumentCache corgi:https://registry.npmjs.org/minimatch set size:169442 disposed:false
79 http fetch GET 200 https://registry.npmjs.org/@opentelemetry%2fcore 861ms (cache revalidated)
80 silly packumentCache corgi:https://registry.npmjs.org/@opentelemetry%2fcore set size:385194 disposed:false
81 http fetch GET 200 https://registry.npmjs.org/@tootallnate%2fonce 893ms (cache revalidated)
82 silly packumentCache corgi:https://registry.npmjs.org/@tootallnate%2fonce set size:11748 disposed:false
83 http fetch GET 200 https://registry.npmjs.org/js-yaml 874ms (cache revalidated)
84 silly packumentCache corgi:https://registry.npmjs.org/js-yaml set size:71843 disposed:false
85 http fetch GET 200 https://registry.npmjs.org/adm-zip 899ms (cache revalidated)
86 silly packumentCache corgi:https://registry.npmjs.org/adm-zip set size:39206 disposed:false
87 http fetch GET 200 https://registry.npmjs.org/axios 902ms (cache revalidated)
88 silly packumentCache corgi:https://registry.npmjs.org/axios set size:299759 disposed:false
89 http fetch GET 200 https://registry.npmjs.org/lodash 910ms (cache revalidated)
90 silly packumentCache corgi:https://registry.npmjs.org/lodash set size:69555 disposed:false
91 http fetch GET 200 https://registry.npmjs.org/handlebars 965ms (cache revalidated)
92 silly packumentCache corgi:https://registry.npmjs.org/handlebars set size:144279 disposed:false
93 http fetch GET 200 https://registry.npmjs.org/@modelcontextprotocol%2fsdk 1012ms (cache revalidated)
94 silly packumentCache corgi:https://registry.npmjs.org/@modelcontextprotocol%2fsdk set size:118002 disposed:false
95 http fetch GET 200 https://registry.npmjs.org/next 1035ms (cache revalidated)
96 silly packumentCache corgi:https://registry.npmjs.org/next set size:25471454 disposed:false
97 http fetch GET 200 https://registry.npmjs.org/protobufjs 13624ms (cache revalidated)
98 silly packumentCache corgi:https://registry.npmjs.org/protobufjs set size:291699 disposed:false
99 http fetch GET 200 https://registry.npmjs.org/picomatch 13651ms (cache revalidated)
100 silly packumentCache corgi:https://registry.npmjs.org/picomatch set size:45123 disposed:false
101 http fetch GET 200 https://registry.npmjs.org/node-forge 13657ms (cache revalidated)
102 silly packumentCache corgi:https://registry.npmjs.org/node-forge set size:106633 disposed:false
103 http fetch GET 200 https://registry.npmjs.org/postcss 13665ms (cache revalidated)
104 silly packumentCache corgi:https://registry.npmjs.org/postcss set size:355680 disposed:false
105 http fetch GET 200 https://registry.npmjs.org/sharp 13663ms (cache revalidated)
106 silly packumentCache corgi:https://registry.npmjs.org/sharp set size:291503 disposed:false
107 http fetch GET 200 https://registry.npmjs.org/@opentelemetry%2fsdk-node 13742ms (cache revalidated)
108 silly packumentCache corgi:https://registry.npmjs.org/@opentelemetry%2fsdk-node set size:568913 disposed:false
109 http fetch GET 200 https://registry.npmjs.org/tmp 13697ms (cache revalidated)
110 silly packumentCache corgi:https://registry.npmjs.org/tmp set size:25283 disposed:false
111 http fetch GET 200 https://registry.npmjs.org/@protobufjs%2futf8 13760ms (cache revalidated)
112 silly packumentCache corgi:https://registry.npmjs.org/@protobufjs%2futf8 set size:5638 disposed:false
113 http fetch GET 200 https://registry.npmjs.org/path-to-regexp 13720ms (cache revalidated)
114 silly packumentCache corgi:https://registry.npmjs.org/path-to-regexp set size:66575 disposed:false
115 http fetch GET 200 https://registry.npmjs.org/nanoid 13737ms (cache revalidated)
116 silly packumentCache corgi:https://registry.npmjs.org/nanoid set size:158420 disposed:false
117 http fetch GET 200 https://registry.npmjs.org/websocket-driver 13710ms (cache revalidated)
118 silly packumentCache corgi:https://registry.npmjs.org/websocket-driver set size:19937 disposed:false
119 http fetch GET 200 https://registry.npmjs.org/glob 13796ms (cache revalidated)
120 silly packumentCache corgi:https://registry.npmjs.org/glob set size:199194 disposed:false
121 http fetch GET 200 https://registry.npmjs.org/yaml 13717ms (cache revalidated)
122 silly packumentCache corgi:https://registry.npmjs.org/yaml set size:163878 disposed:false
123 http fetch GET 200 https://registry.npmjs.org/@opentelemetry%2fauto-instrumentations-node 13792ms (cache revalidated)
124 silly packumentCache corgi:https://registry.npmjs.org/@opentelemetry%2fauto-instrumentations-node set size:357942 disposed:false
125 http fetch GET 200 https://registry.npmjs.org/json-2-csv 13772ms (cache revalidated)
126 silly packumentCache corgi:https://registry.npmjs.org/json-2-csv set size:178884 disposed:false
127 http fetch GET 200 https://registry.npmjs.org/@opentelemetry%2fpropagator-jaeger 13806ms (cache revalidated)
128 silly packumentCache corgi:https://registry.npmjs.org/@opentelemetry%2fpropagator-jaeger set size:303071 disposed:false
129 http fetch GET 200 https://registry.npmjs.org/uuid 13827ms (cache revalidated)
130 silly packumentCache corgi:https://registry.npmjs.org/uuid set size:84321 disposed:false
131 silly packumentCache corgi:https://registry.npmjs.org/@genkit-ai%2ftools-common cache-miss
132 silly packumentCache corgi:https://registry.npmjs.org/rimraf cache-miss
133 silly packumentCache corgi:https://registry.npmjs.org/sucrase cache-miss
134 http fetch GET 200 https://registry.npmjs.org/rimraf 101ms (cache revalidated)
135 silly packumentCache corgi:https://registry.npmjs.org/rimraf set size:87794 disposed:false
136 http fetch GET 200 https://registry.npmjs.org/sucrase 107ms (cache revalidated)
137 silly packumentCache corgi:https://registry.npmjs.org/sucrase set size:163085 disposed:false
138 http fetch GET 200 https://registry.npmjs.org/@genkit-ai%2ftools-common 332ms (cache revalidated)
139 silly packumentCache corgi:https://registry.npmjs.org/@genkit-ai%2ftools-common set size:236352 disposed:false
140 silly packumentCache corgi:https://registry.npmjs.org/google-gax cache-miss
141 silly packumentCache corgi:https://registry.npmjs.org/@google-cloud%2fopentelemetry-cloud-trace-exporter cache-miss
142 silly packumentCache corgi:https://registry.npmjs.org/@opentelemetry%2fexporter-trace-otlp-grpc cache-miss
143 silly packumentCache corgi:https://registry.npmjs.org/@opentelemetry%2fotlp-grpc-exporter-base cache-miss
144 http fetch GET 200 https://registry.npmjs.org/google-gax 108ms (cache revalidated)
145 silly packumentCache corgi:https://registry.npmjs.org/google-gax set size:1006046 disposed:false
146 http fetch GET 200 https://registry.npmjs.org/@opentelemetry%2fotlp-grpc-exporter-base 138ms (cache revalidated)
147 silly packumentCache corgi:https://registry.npmjs.org/@opentelemetry%2fotlp-grpc-exporter-base set size:105816 disposed:false
148 http fetch GET 200 https://registry.npmjs.org/@opentelemetry%2fexporter-trace-otlp-grpc 187ms (cache revalidated)
149 silly packumentCache corgi:https://registry.npmjs.org/@opentelemetry%2fexporter-trace-otlp-grpc set size:111688 disposed:false
150 http fetch GET 200 https://registry.npmjs.org/@google-cloud%2fopentelemetry-cloud-trace-exporter 322ms (cache revalidated)
151 silly packumentCache corgi:https://registry.npmjs.org/@google-cloud%2fopentelemetry-cloud-trace-exporter set size:56946 disposed:false
152 silly packumentCache corgi:https://registry.npmjs.org/@firebase%2ffirestore cache-miss
153 http fetch GET 200 https://registry.npmjs.org/@firebase%2ffirestore 179ms (cache revalidated)
154 silly packumentCache corgi:https://registry.npmjs.org/@firebase%2ffirestore set size:8991388 disposed:false
155 silly packumentCache corgi:https://registry.npmjs.org/@google-cloud%2flogging cache-miss
156 silly packumentCache corgi:https://registry.npmjs.org/@google-cloud%2fstorage cache-miss
157 silly packumentCache corgi:https://registry.npmjs.org/eventid cache-miss
158 silly packumentCache corgi:https://registry.npmjs.org/firebase-admin cache-miss
159 silly packumentCache corgi:https://registry.npmjs.org/gaxios cache-miss
160 silly packumentCache corgi:https://registry.npmjs.org/googleapis-common cache-miss
161 silly packumentCache corgi:https://registry.npmjs.org/jaeger-client cache-miss
162 silly packumentCache corgi:https://registry.npmjs.org/teeny-request cache-miss
163 silly packumentCache corgi:https://registry.npmjs.org/@genkit-ai%2fai cache-miss
164 silly packumentCache corgi:https://registry.npmjs.org/genkit cache-miss
165 silly packumentCache corgi:https://registry.npmjs.org/xcode cache-miss
166 http fetch GET 200 https://registry.npmjs.org/firebase-admin 124ms (cache revalidated)
167 silly packumentCache corgi:https://registry.npmjs.org/firebase-admin set size:351940 disposed:false
168 http fetch GET 200 https://registry.npmjs.org/@google-cloud%2fstorage 141ms (cache revalidated)
169 silly packumentCache corgi:https://registry.npmjs.org/@google-cloud%2fstorage set size:485850 disposed:false
170 http fetch GET 200 https://registry.npmjs.org/gaxios 175ms (cache revalidated)
171 silly packumentCache corgi:https://registry.npmjs.org/gaxios set size:204522 disposed:false
172 http fetch GET 200 https://registry.npmjs.org/googleapis-common 182ms (cache revalidated)
173 silly packumentCache corgi:https://registry.npmjs.org/googleapis-common set size:143960 disposed:false
174 http fetch GET 200 https://registry.npmjs.org/xcode 189ms (cache revalidated)
175 silly packumentCache corgi:https://registry.npmjs.org/xcode set size:1850340 disposed:false
176 http fetch GET 200 https://registry.npmjs.org/teeny-request 320ms (cache revalidated)
177 silly packumentCache corgi:https://registry.npmjs.org/teeny-request set size:102216 disposed:false
178 http fetch GET 200 https://registry.npmjs.org/genkit 328ms (cache revalidated)
179 silly packumentCache corgi:https://registry.npmjs.org/genkit set size:139729 disposed:false
180 http fetch GET 200 https://registry.npmjs.org/eventid 342ms (cache revalidated)
181 silly packumentCache corgi:https://registry.npmjs.org/eventid set size:6903 disposed:false
182 http fetch GET 200 https://registry.npmjs.org/jaeger-client 340ms (cache revalidated)
183 silly packumentCache corgi:https://registry.npmjs.org/jaeger-client set size:83161 disposed:false
184 http fetch GET 200 https://registry.npmjs.org/@google-cloud%2flogging 353ms (cache revalidated)
185 silly packumentCache corgi:https://registry.npmjs.org/@google-cloud%2flogging set size:391747 disposed:false
186 http fetch GET 200 https://registry.npmjs.org/@genkit-ai%2fai 396ms (cache revalidated)
187 silly packumentCache corgi:https://registry.npmjs.org/@genkit-ai%2fai set size:139708 disposed:false
188 silly packumentCache corgi:https://registry.npmjs.org/genkit-cli cache-miss
189 http fetch GET 200 https://registry.npmjs.org/genkit-cli 167ms (cache revalidated)
190 silly packumentCache corgi:https://registry.npmjs.org/genkit-cli set size:130699 disposed:false
191 silly packumentCache corgi:https://registry.npmjs.org/@genkit-ai%2fcore cache-miss
192 silly packumentCache corgi:https://registry.npmjs.org/ajv-formats cache-miss
193 http fetch GET 200 https://registry.npmjs.org/ajv-formats 106ms (cache revalidated)
194 silly packumentCache corgi:https://registry.npmjs.org/ajv-formats set size:63554 disposed:false
195 http fetch GET 200 https://registry.npmjs.org/@genkit-ai%2fcore 304ms (cache revalidated)
196 silly packumentCache corgi:https://registry.npmjs.org/@genkit-ai%2fcore set size:193477 disposed:false
197 silly packumentCache corgi:https://registry.npmjs.org/express cache-miss
198 http fetch GET 200 https://registry.npmjs.org/express 95ms (cache revalidated)
199 silly packumentCache corgi:https://registry.npmjs.org/express set size:339376 disposed:false
200 silly packumentCache corgi:https://registry.npmjs.org/@genkit-ai%2fgoogle-cloud cache-miss
201 http fetch GET 200 https://registry.npmjs.org/@genkit-ai%2fgoogle-cloud 292ms (cache revalidated)
202 silly packumentCache corgi:https://registry.npmjs.org/@genkit-ai%2fgoogle-cloud set size:239953 disposed:false
203 silly packumentCache corgi:https://registry.npmjs.org/@genkit-ai%2ftelemetry-server cache-miss
204 silly packumentCache corgi:https://registry.npmjs.org/@google-cloud%2fopentelemetry-cloud-monitoring-exporter cache-miss
205 silly packumentCache corgi:https://registry.npmjs.org/@opentelemetry%2fexporter-trace-otlp-http cache-miss
206 silly packumentCache corgi:https://registry.npmjs.org/@opentelemetry%2fexporter-trace-otlp-proto cache-miss
207 silly packumentCache corgi:https://registry.npmjs.org/@opentelemetry%2fexporter-zipkin cache-miss
208 silly packumentCache corgi:https://registry.npmjs.org/@opentelemetry%2finstrumentation-amqplib cache-miss
209 silly packumentCache corgi:https://registry.npmjs.org/@opentelemetry%2finstrumentation-aws-sdk cache-miss
210 silly packumentCache corgi:https://registry.npmjs.org/@opentelemetry%2finstrumentation-connect cache-miss
211 silly packumentCache corgi:https://registry.npmjs.org/@opentelemetry%2finstrumentation-express cache-miss
212 silly packumentCache corgi:https://registry.npmjs.org/@opentelemetry%2finstrumentation-fastify cache-miss
213 silly packumentCache corgi:https://registry.npmjs.org/@opentelemetry%2finstrumentation-fs cache-miss
214 silly packumentCache corgi:https://registry.npmjs.org/@opentelemetry%2finstrumentation-hapi cache-miss
215 silly packumentCache corgi:https://registry.npmjs.org/@opentelemetry%2finstrumentation-http cache-miss
216 silly packumentCache corgi:https://registry.npmjs.org/@opentelemetry%2finstrumentation-koa cache-miss
217 silly packumentCache corgi:https://registry.npmjs.org/@opentelemetry%2finstrumentation-mongoose cache-miss
218 silly packumentCache corgi:https://registry.npmjs.org/@opentelemetry%2finstrumentation-pino cache-miss
219 silly packumentCache corgi:https://registry.npmjs.org/@opentelemetry%2finstrumentation-restify cache-miss
220 silly packumentCache corgi:https://registry.npmjs.org/@opentelemetry%2finstrumentation-undici cache-miss
221 silly packumentCache corgi:https://registry.npmjs.org/@opentelemetry%2fotlp-exporter-base cache-miss
222 silly packumentCache corgi:https://registry.npmjs.org/@opentelemetry%2fotlp-transformer cache-miss
223 silly packumentCache corgi:https://registry.npmjs.org/@opentelemetry%2fpropagator-b3 cache-miss
224 silly packumentCache corgi:https://registry.npmjs.org/@opentelemetry%2fresource-detector-aws cache-miss
225 silly packumentCache corgi:https://registry.npmjs.org/@opentelemetry%2fresource-detector-azure cache-miss
226 silly packumentCache corgi:https://registry.npmjs.org/@opentelemetry%2fresource-detector-gcp cache-miss
227 silly packumentCache corgi:https://registry.npmjs.org/@opentelemetry%2fresources cache-miss
228 silly packumentCache corgi:https://registry.npmjs.org/@opentelemetry%2fsdk-logs cache-miss
229 silly packumentCache corgi:https://registry.npmjs.org/@opentelemetry%2fsdk-metrics cache-miss
230 silly packumentCache corgi:https://registry.npmjs.org/@opentelemetry%2fsdk-trace-base cache-miss
231 silly packumentCache corgi:https://registry.npmjs.org/@opentelemetry%2fsdk-trace-node cache-miss
232 silly packumentCache corgi:https://registry.npmjs.org/@opentelemetry%2fsql-common cache-miss
233 silly packumentCache corgi:https://registry.npmjs.org/@opentelemetry%2fexporter-jaeger cache-miss
234 silly packumentCache corgi:https://registry.npmjs.org/@opentelemetry%2fresource-detector-alibaba-cloud cache-miss
235 silly packumentCache corgi:https://registry.npmjs.org/@opentelemetry%2fresource-detector-container cache-miss
236 http fetch GET 200 https://registry.npmjs.org/@opentelemetry%2finstrumentation-amqplib 212ms (cache revalidated)
237 silly packumentCache corgi:https://registry.npmjs.org/@opentelemetry%2finstrumentation-amqplib set size:75672 disposed:false
238 http fetch GET 200 https://registry.npmjs.org/@opentelemetry%2finstrumentation-mongoose 232ms (cache revalidated)
239 silly packumentCache corgi:https://registry.npmjs.org/@opentelemetry%2finstrumentation-mongoose set size:67949 disposed:false
240 http fetch GET 200 https://registry.npmjs.org/@opentelemetry%2finstrumentation-http 239ms (cache revalidated)
241 silly packumentCache corgi:https://registry.npmjs.org/@opentelemetry%2finstrumentation-http set size:485844 disposed:false
242 http fetch GET 200 https://registry.npmjs.org/@opentelemetry%2fotlp-exporter-base 255ms (cache revalidated)
243 silly packumentCache corgi:https://registry.npmjs.org/@opentelemetry%2fotlp-exporter-base set size:105949 disposed:false
244 http fetch GET 200 https://registry.npmjs.org/@opentelemetry%2finstrumentation-connect 291ms (cache revalidated)
245 silly packumentCache corgi:https://registry.npmjs.org/@opentelemetry%2finstrumentation-connect set size:76147 disposed:false
246 http fetch GET 200 https://registry.npmjs.org/@opentelemetry%2finstrumentation-koa 297ms (cache revalidated)
247 silly packumentCache corgi:https://registry.npmjs.org/@opentelemetry%2finstrumentation-koa set size:114363 disposed:false
248 http fetch GET 200 https://registry.npmjs.org/@opentelemetry%2finstrumentation-fastify 306ms (cache revalidated)
249 silly packumentCache corgi:https://registry.npmjs.org/@opentelemetry%2finstrumentation-fastify set size:80194 disposed:false
250 http fetch GET 200 https://registry.npmjs.org/@opentelemetry%2finstrumentation-express 310ms (cache revalidated)
251 silly packumentCache corgi:https://registry.npmjs.org/@opentelemetry%2finstrumentation-express set size:116060 disposed:false
252 http fetch GET 200 https://registry.npmjs.org/@opentelemetry%2fotlp-transformer 311ms (cache revalidated)
253 silly packumentCache corgi:https://registry.npmjs.org/@opentelemetry%2fotlp-transformer set size:113561 disposed:false
254 http fetch GET 200 https://registry.npmjs.org/@opentelemetry%2fexporter-trace-otlp-proto 340ms (cache revalidated)
255 silly packumentCache corgi:https://registry.npmjs.org/@opentelemetry%2fexporter-trace-otlp-proto set size:121952 disposed:false
256 http fetch GET 200 https://registry.npmjs.org/@opentelemetry%2fexporter-trace-otlp-http 348ms (cache revalidated)
257 silly packumentCache corgi:https://registry.npmjs.org/@opentelemetry%2fexporter-trace-otlp-http set size:128719 disposed:false
258 http fetch GET 200 https://registry.npmjs.org/@opentelemetry%2finstrumentation-undici 337ms (cache revalidated)
259 silly packumentCache corgi:https://registry.npmjs.org/@opentelemetry%2finstrumentation-undici set size:46221 disposed:false
260 http fetch GET 200 https://registry.npmjs.org/@opentelemetry%2fresources 337ms (cache revalidated)
261 silly packumentCache corgi:https://registry.npmjs.org/@opentelemetry%2fresources set size:346123 disposed:false
262 http fetch GET 200 https://registry.npmjs.org/@opentelemetry%2fsdk-trace-base 345ms (cache revalidated)
263 silly packumentCache corgi:https://registry.npmjs.org/@opentelemetry%2fsdk-trace-base set size:140621 disposed:false
264 http fetch GET 200 https://registry.npmjs.org/@opentelemetry%2finstrumentation-hapi 371ms (cache revalidated)
265 silly packumentCache corgi:https://registry.npmjs.org/@opentelemetry%2finstrumentation-hapi set size:96340 disposed:false
266 http fetch GET 200 https://registry.npmjs.org/@opentelemetry%2finstrumentation-fs 377ms (cache revalidated)
267 silly packumentCache corgi:https://registry.npmjs.org/@opentelemetry%2finstrumentation-fs set size:70556 disposed:false
268 http fetch GET 200 https://registry.npmjs.org/@opentelemetry%2fsdk-metrics 371ms (cache revalidated)
269 silly packumentCache corgi:https://registry.npmjs.org/@opentelemetry%2fsdk-metrics set size:79002 disposed:false
270 http fetch GET 200 https://registry.npmjs.org/@opentelemetry%2fsql-common 392ms (cache revalidated)
271 silly packumentCache corgi:https://registry.npmjs.org/@opentelemetry%2fsql-common set size:6520 disposed:false
272 http fetch GET 200 https://registry.npmjs.org/@opentelemetry%2fsdk-logs 416ms (cache revalidated)
273 silly packumentCache corgi:https://registry.npmjs.org/@opentelemetry%2fsdk-logs set size:83837 disposed:false
274 http fetch GET 200 https://registry.npmjs.org/@opentelemetry%2finstrumentation-aws-sdk 464ms (cache revalidated)
275 silly packumentCache corgi:https://registry.npmjs.org/@opentelemetry%2finstrumentation-aws-sdk set size:134077 disposed:false
276 http fetch GET 200 https://registry.npmjs.org/@genkit-ai%2ftelemetry-server 486ms (cache revalidated)
277 silly packumentCache corgi:https://registry.npmjs.org/@genkit-ai%2ftelemetry-server set size:146063 disposed:false
278 http fetch GET 200 https://registry.npmjs.org/@opentelemetry%2finstrumentation-pino 480ms (cache revalidated)
279 silly packumentCache corgi:https://registry.npmjs.org/@opentelemetry%2finstrumentation-pino set size:100745 disposed:false
280 http fetch GET 200 https://registry.npmjs.org/@opentelemetry%2fresource-detector-azure 506ms (cache revalidated)
281 silly packumentCache corgi:https://registry.npmjs.org/@opentelemetry%2fresource-detector-azure set size:51818 disposed:false
282 http fetch GET 200 https://registry.npmjs.org/@opentelemetry%2fresource-detector-gcp 521ms (cache revalidated)
283 silly packumentCache corgi:https://registry.npmjs.org/@opentelemetry%2fresource-detector-gcp set size:293233 disposed:false
284 http fetch GET 200 https://registry.npmjs.org/@opentelemetry%2fpropagator-b3 533ms (cache revalidated)
285 silly packumentCache corgi:https://registry.npmjs.org/@opentelemetry%2fpropagator-b3 set size:225883 disposed:false
286 http fetch GET 200 https://registry.npmjs.org/@opentelemetry%2fexporter-zipkin 558ms (cache revalidated)
287 silly packumentCache corgi:https://registry.npmjs.org/@opentelemetry%2fexporter-zipkin set size:496319 disposed:false
288 http fetch GET 200 https://registry.npmjs.org/@opentelemetry%2fsdk-trace-node 552ms (cache revalidated)
289 silly packumentCache corgi:https://registry.npmjs.org/@opentelemetry%2fsdk-trace-node set size:135619 disposed:false
290 http fetch GET 200 https://registry.npmjs.org/@opentelemetry%2finstrumentation-restify 572ms (cache revalidated)
291 silly packumentCache corgi:https://registry.npmjs.org/@opentelemetry%2finstrumentation-restify set size:96993 disposed:false
292 http fetch GET 200 https://registry.npmjs.org/@google-cloud%2fopentelemetry-cloud-monitoring-exporter 607ms (cache revalidated)
293 silly packumentCache corgi:https://registry.npmjs.org/@google-cloud%2fopentelemetry-cloud-monitoring-exporter set size:51159 disposed:false
294 http fetch GET 200 https://registry.npmjs.org/@opentelemetry%2fresource-detector-alibaba-cloud 576ms (cache revalidated)
295 silly packumentCache corgi:https://registry.npmjs.org/@opentelemetry%2fresource-detector-alibaba-cloud set size:75348 disposed:false
296 http fetch GET 200 https://registry.npmjs.org/@opentelemetry%2fresource-detector-container 582ms (cache revalidated)
297 silly packumentCache corgi:https://registry.npmjs.org/@opentelemetry%2fresource-detector-container set size:69962 disposed:false
298 http fetch GET 200 https://registry.npmjs.org/@opentelemetry%2fexporter-jaeger 588ms (cache revalidated)
299 silly packumentCache corgi:https://registry.npmjs.org/@opentelemetry%2fexporter-jaeger set size:440720 disposed:false
300 http fetch GET 200 https://registry.npmjs.org/@opentelemetry%2fresource-detector-aws 687ms (cache revalidated)
301 silly packumentCache corgi:https://registry.npmjs.org/@opentelemetry%2fresource-detector-aws set size:297238 disposed:false
302 silly packumentCache corgi:https://registry.npmjs.org/http-proxy-agent cache-miss
303 http fetch GET 200 https://registry.npmjs.org/http-proxy-agent 88ms (cache revalidated)
304 silly packumentCache corgi:https://registry.npmjs.org/http-proxy-agent set size:25530 disposed:false
305 silly packumentCache corgi:https://registry.npmjs.org/@types%2frequest cache-miss
306 http fetch GET 200 https://registry.npmjs.org/@types%2frequest 114ms (cache revalidated)
307 silly packumentCache corgi:https://registry.npmjs.org/@types%2frequest set size:44251 disposed:false
308 silly packumentCache corgi:https://registry.npmjs.org/dotprompt cache-miss
309 http fetch GET 200 https://registry.npmjs.org/dotprompt 159ms (cache revalidated)
310 silly packumentCache corgi:https://registry.npmjs.org/dotprompt set size:6628 disposed:false
311 silly packumentCache corgi:https://registry.npmjs.org/recharts cache-miss
312 http fetch GET 200 https://registry.npmjs.org/recharts 87ms (cache revalidated)
313 silly packumentCache corgi:https://registry.npmjs.org/recharts set size:857421 disposed:false
314 silly packumentCache corgi:https://registry.npmjs.org/postcss-import cache-miss
315 silly packumentCache corgi:https://registry.npmjs.org/postcss-js cache-miss
316 silly packumentCache corgi:https://registry.npmjs.org/postcss-load-config cache-miss
317 silly packumentCache corgi:https://registry.npmjs.org/postcss-nested cache-miss
318 silly packumentCache corgi:https://registry.npmjs.org/tailwindcss cache-miss
319 http fetch GET 200 https://registry.npmjs.org/postcss-import 587ms (cache revalidated)
320 silly packumentCache corgi:https://registry.npmjs.org/postcss-import set size:54440 disposed:false
321 http fetch GET 200 https://registry.npmjs.org/postcss-nested 616ms (cache revalidated)
322 silly packumentCache corgi:https://registry.npmjs.org/postcss-nested set size:43577 disposed:false
323 http fetch GET 200 https://registry.npmjs.org/postcss-load-config 622ms (cache revalidated)
324 silly packumentCache corgi:https://registry.npmjs.org/postcss-load-config set size:37999 disposed:false
325 http fetch GET 200 https://registry.npmjs.org/postcss-js 630ms (cache revalidated)
326 silly packumentCache corgi:https://registry.npmjs.org/postcss-js set size:25314 disposed:false
327 http fetch GET 200 https://registry.npmjs.org/tailwindcss 652ms (cache revalidated)
328 silly packumentCache corgi:https://registry.npmjs.org/tailwindcss set size:4799549 disposed:false
329 silly packumentCache corgi:https://registry.npmjs.org/router cache-miss
330 http fetch GET 200 https://registry.npmjs.org/router 103ms (cache revalidated)
331 silly packumentCache corgi:https://registry.npmjs.org/router set size:49911 disposed:false
332 silly packumentCache corgi:https://registry.npmjs.org/anymatch cache-miss
333 silly packumentCache corgi:https://registry.npmjs.org/micromatch cache-miss
334 silly packumentCache corgi:https://registry.npmjs.org/readdirp cache-miss
335 http fetch GET 200 https://registry.npmjs.org/anymatch 111ms (cache revalidated)
336 silly packumentCache corgi:https://registry.npmjs.org/anymatch set size:18345 disposed:false
337 http fetch GET 200 https://registry.npmjs.org/micromatch 112ms (cache revalidated)
338 silly packumentCache corgi:https://registry.npmjs.org/micromatch set size:71776 disposed:false
339 http fetch GET 200 https://registry.npmjs.org/readdirp 134ms (cache revalidated)
340 silly packumentCache corgi:https://registry.npmjs.org/readdirp set size:48044 disposed:false
341 silly packumentCache corgi:https://registry.npmjs.org/@google-cloud%2ffirestore cache-miss
342 silly packumentCache corgi:https://registry.npmjs.org/@grpc%2fproto-loader cache-miss
343 silly packumentCache corgi:https://registry.npmjs.org/proto3-json-serializer cache-miss
344 http fetch GET 200 https://registry.npmjs.org/@google-cloud%2ffirestore 141ms (cache revalidated)
345 silly packumentCache corgi:https://registry.npmjs.org/@google-cloud%2ffirestore set size:336153 disposed:false
346 http fetch GET 200 https://registry.npmjs.org/proto3-json-serializer 224ms (cache revalidated)
347 silly packumentCache corgi:https://registry.npmjs.org/proto3-json-serializer set size:41614 disposed:false
348 http fetch GET 200 https://registry.npmjs.org/@grpc%2fproto-loader 237ms (cache revalidated)
349 silly packumentCache corgi:https://registry.npmjs.org/@grpc%2fproto-loader set size:103824 disposed:false
350 silly packumentCache corgi:https://registry.npmjs.org/patch-package cache-miss
351 http fetch GET 200 https://registry.npmjs.org/patch-package 104ms (cache revalidated)
352 silly packumentCache corgi:https://registry.npmjs.org/patch-package set size:158395 disposed:false
353 silly packumentCache corgi:https://registry.npmjs.org/faye-websocket cache-miss
354 http fetch GET 200 https://registry.npmjs.org/faye-websocket 98ms (cache revalidated)
355 silly packumentCache corgi:https://registry.npmjs.org/faye-websocket set size:19807 disposed:false
356 silly packumentCache corgi:https://registry.npmjs.org/openapi3-ts cache-miss
357 http fetch GET 200 https://registry.npmjs.org/openapi3-ts 221ms (cache revalidated)
358 silly packumentCache corgi:https://registry.npmjs.org/openapi3-ts set size:73133 disposed:false
359 silly packumentCache corgi:https://registry.npmjs.org/gcp-metadata cache-miss
360 silly packumentCache corgi:https://registry.npmjs.org/google-auth-library cache-miss
361 silly packumentCache corgi:https://registry.npmjs.org/gtoken cache-miss
362 http fetch GET 200 https://registry.npmjs.org/gcp-metadata 115ms (cache revalidated)
363 silly packumentCache corgi:https://registry.npmjs.org/gcp-metadata set size:94422 disposed:false
364 http fetch GET 200 https://registry.npmjs.org/gtoken 120ms (cache revalidated)
365 silly packumentCache corgi:https://registry.npmjs.org/gtoken set size:74319 disposed:false
366 http fetch GET 200 https://registry.npmjs.org/google-auth-library 129ms (cache revalidated)
367 silly packumentCache corgi:https://registry.npmjs.org/google-auth-library set size:376934 disposed:false
368 silly packumentCache corgi:https://registry.npmjs.org/googleapis cache-miss
369 http fetch GET 200 https://registry.npmjs.org/googleapis 94ms (cache revalidated)
370 silly packumentCache corgi:https://registry.npmjs.org/googleapis set size:459204 disposed:false
371 silly packumentCache corgi:https://registry.npmjs.org/@capacitor%2fcli cache-miss
372 http fetch GET 200 https://registry.npmjs.org/@capacitor%2fcli 243ms (cache revalidated)
373 silly packumentCache corgi:https://registry.npmjs.org/@capacitor%2fcli set size:2446552 disposed:false
374 silly packumentCache corgi:https://registry.npmjs.org/@google-cloud%2fcommon cache-miss
375 silly packumentCache corgi:https://registry.npmjs.org/retry-request cache-miss
376 http fetch GET 200 https://registry.npmjs.org/retry-request 84ms (cache revalidated)
377 silly packumentCache corgi:https://registry.npmjs.org/retry-request set size:44428 disposed:false
378 http fetch GET 200 https://registry.npmjs.org/@google-cloud%2fcommon 229ms (cache revalidated)
379 silly packumentCache corgi:https://registry.npmjs.org/@google-cloud%2fcommon set size:247406 disposed:false
380 silly packumentCache corgi:https://registry.npmjs.org/@genkit-ai%2ffirebase cache-miss
381 silly packumentCache corgi:https://registry.npmjs.org/@genkit-ai%2fgoogle-genai cache-miss
382 http fetch GET 200 https://registry.npmjs.org/@genkit-ai%2ffirebase 309ms (cache revalidated)
383 silly packumentCache corgi:https://registry.npmjs.org/@genkit-ai%2ffirebase set size:160786 disposed:false
384 http fetch GET 200 https://registry.npmjs.org/@genkit-ai%2fgoogle-genai 328ms (cache revalidated)
385 silly packumentCache corgi:https://registry.npmjs.org/@genkit-ai%2fgoogle-genai set size:43914 disposed:false
386 silly packumentCache corgi:https://registry.npmjs.org/@google-cloud%2flogging-winston cache-miss
387 http fetch GET 200 https://registry.npmjs.org/@google-cloud%2flogging-winston 312ms (cache revalidated)
388 silly packumentCache corgi:https://registry.npmjs.org/@google-cloud%2flogging-winston set size:135627 disposed:false
389 silly packumentCache corgi:https://registry.npmjs.org/express-rate-limit cache-miss
390 http fetch GET 200 https://registry.npmjs.org/express-rate-limit 98ms (cache revalidated)
391 silly packumentCache corgi:https://registry.npmjs.org/express-rate-limit set size:182752 disposed:false
392 silly packumentCache corgi:https://registry.npmjs.org/@google-cloud%2fopentelemetry-resource-util cache-miss
393 silly packumentCache corgi:https://registry.npmjs.org/@opentelemetry%2finstrumentation-aws-lambda cache-miss
394 http fetch GET 200 https://registry.npmjs.org/@opentelemetry%2finstrumentation-aws-lambda 338ms (cache revalidated)
395 silly packumentCache corgi:https://registry.npmjs.org/@opentelemetry%2finstrumentation-aws-lambda set size:115611 disposed:false
396 http fetch GET 200 https://registry.npmjs.org/@google-cloud%2fopentelemetry-resource-util 378ms (cache revalidated)
397 silly packumentCache corgi:https://registry.npmjs.org/@google-cloud%2fopentelemetry-resource-util set size:23140 disposed:false
398 silly packumentCache corgi:https://registry.npmjs.org/@opentelemetry%2finstrumentation-mongodb cache-miss
399 http fetch GET 200 https://registry.npmjs.org/@opentelemetry%2finstrumentation-mongodb 273ms (cache revalidated)
400 silly packumentCache corgi:https://registry.npmjs.org/@opentelemetry%2finstrumentation-mongodb set size:112801 disposed:false
401 silly packumentCache corgi:https://registry.npmjs.org/@opentelemetry%2finstrumentation-mysql2 cache-miss
402 silly packumentCache corgi:https://registry.npmjs.org/@opentelemetry%2finstrumentation-pg cache-miss
403 http fetch GET 200 https://registry.npmjs.org/@opentelemetry%2finstrumentation-pg 98ms (cache revalidated)
404 silly packumentCache corgi:https://registry.npmjs.org/@opentelemetry%2finstrumentation-pg set size:125152 disposed:false
405 http fetch GET 200 https://registry.npmjs.org/@opentelemetry%2finstrumentation-mysql2 267ms (cache revalidated)
406 silly packumentCache corgi:https://registry.npmjs.org/@opentelemetry%2finstrumentation-mysql2 set size:98542 disposed:false
407 warn install-scripts 4 packages have install scripts not yet covered by allowScripts:
407 warn install-scripts   @firebase/util@1.12.0 (postinstall: node ./postinstall.js)
407 warn install-scripts   esbuild@0.27.2 (postinstall: node install.js)
407 warn install-scripts   protobufjs@7.5.4 (postinstall: node scripts/postinstall)
407 warn install-scripts   sharp@0.34.5 (install: node install/check.js || npm run build)
407 warn install-scripts
407 warn install-scripts Run `npm install-scripts ls` to review, or `npm install-scripts approve <pkg>` to allow.
408 verbose cwd /data/data/com.termux/files/home/vicious-vix-assistant/Vicious-vix-assistant--main
409 verbose os Linux 5.15.189-android13-3-33470412
410 verbose node v26.4.0
411 verbose npm  v11.19.0
412 verbose exit 0
413 info ok
